Frame,People Count,Crowd Density
frame_0000.jpg,0,Low
frame_0001.jpg,0,Low
frame_0002.jpg,0,Low
frame_0003.jpg,0,Low
frame_0004.jpg,0,Low
frame_0005.jpg,0,Low
frame_0006.jpg,0,Low
frame_0007.jpg,0,Low
frame_0008.jpg,0,Low
frame_0009.jpg,0,Low
frame_0010.jpg,0,Low
frame_0011.jpg,0,Low
frame_0012.jpg,1,Low
frame_0013.jpg,0,Low
frame_0014.jpg,0,Low
frame_0015.jpg,0,Low
frame_0016.jpg,1,Low
frame_0017.jpg,1,Low
frame_0018.jpg,1,Low
frame_0019.jpg,1,Low
frame_0020.jpg,1,Low
frame_0021.jpg,0,Low
frame_0022.jpg,0,Low
frame_0023.jpg,0,Low
frame_0024.jpg,1,Low
frame_0025.jpg,1,Low
frame_0026.jpg,1,Low
frame_0027.jpg,1,Low
frame_0028.jpg,1,Low
frame_0029.jpg,1,Low
frame_0030.jpg,1,Low
frame_0031.jpg,1,Low
frame_0032.jpg,0,Low
frame_0033.jpg,0,Low
frame_0034.jpg,1,Low
frame_0035.jpg,0,Low
frame_0036.jpg,2,Low
frame_0037.jpg,1,Low
frame_0038.jpg,0,Low
frame_0039.jpg,1,Low
frame_0040.jpg,1,Low
frame_0041.jpg,0,Low
frame_0042.jpg,0,Low
frame_0043.jpg,0,Low
frame_0044.jpg,0,Low
frame_0045.jpg,0,Low
frame_0046.jpg,0,Low
frame_0047.jpg,0,Low
frame_0048.jpg,0,Low
frame_0049.jpg,1,Low
frame_0050.jpg,0,Low
frame_0051.jpg,0,Low
frame_0052.jpg,0,Low
frame_0053.jpg,0,Low
frame_0054.jpg,0,Low
frame_0055.jpg,0,Low
frame_0056.jpg,1,Low
frame_0057.jpg,0,Low
frame_0058.jpg,1,Low
frame_0059.jpg,1,Low
frame_0060.jpg,0,Low
frame_0061.jpg,3,Low
frame_0062.jpg,0,Low
frame_0063.jpg,1,Low
frame_0064.jpg,0,Low
frame_0065.jpg,0,Low
frame_0066.jpg,0,Low
frame_0067.jpg,0,Low
frame_0068.jpg,0,Low
frame_0069.jpg,0,Low
frame_0070.jpg,0,Low
frame_0071.jpg,0,Low
frame_0072.jpg,0,Low
frame_0073.jpg,1,Low
frame_0074.jpg,0,Low
frame_0075.jpg,0,Low
frame_0076.jpg,0,Low
frame_0077.jpg,0,Low
frame_0078.jpg,0,Low
frame_0079.jpg,0,Low
frame_0080.jpg,0,Low
frame_0081.jpg,0,Low
frame_0082.jpg,0,Low
frame_0083.jpg,0,Low
frame_0084.jpg,0,Low
frame_0085.jpg,0,Low
frame_0086.jpg,0,Low
frame_0087.jpg,0,Low
frame_0088.jpg,0,Low
frame_0089.jpg,1,Low
frame_0090.jpg,1,Low
frame_0091.jpg,2,Low
frame_0092.jpg,2,Low
frame_0093.jpg,2,Low
frame_0094.jpg,0,Low
frame_0095.jpg,0,Low
frame_0096.jpg,0,Low
frame_0097.jpg,0,Low
frame_0098.jpg,1,Low
frame_0099.jpg,1,Low
frame_0100.jpg,1,Low
frame_0101.jpg,1,Low
frame_0102.jpg,1,Low
frame_0103.jpg,1,Low
frame_0104.jpg,2,Low
frame_0105.jpg,0,Low
frame_0106.jpg,1,Low
frame_0107.jpg,1,Low
frame_0108.jpg,0,Low
frame_0109.jpg,3,Low
frame_0110.jpg,2,Low
frame_0111.jpg,0,Low
frame_0112.jpg,0,Low
frame_0113.jpg,1,Low
frame_0114.jpg,1,Low
frame_0115.jpg,1,Low
frame_0116.jpg,0,Low
frame_0117.jpg,0,Low
frame_0118.jpg,0,Low
frame_0119.jpg,0,Low
frame_0120.jpg,1,Low
frame_0121.jpg,1,Low
frame_0122.jpg,1,Low
frame_0123.jpg,1,Low
frame_0124.jpg,1,Low
frame_0125.jpg,1,Low
frame_0126.jpg,1,Low
frame_0127.jpg,1,Low
frame_0128.jpg,1,Low
frame_0129.jpg,1,Low
frame_0130.jpg,0,Low
frame_0131.jpg,0,Low
frame_0132.jpg,0,Low
frame_0133.jpg,0,Low
frame_0134.jpg,0,Low
frame_0135.jpg,2,Low
frame_0136.jpg,1,Low
frame_0137.jpg,0,Low
frame_0138.jpg,0,Low
frame_0139.jpg,0,Low
frame_0140.jpg,0,Low
frame_0141.jpg,0,Low
frame_0142.jpg,0,Low
frame_0143.jpg,0,Low
frame_0144.jpg,0,Low
frame_0145.jpg,0,Low
frame_0146.jpg,0,Low
frame_0147.jpg,0,Low
frame_0148.jpg,0,Low
frame_0149.jpg,0,Low
frame_0150.jpg,0,Low
frame_0151.jpg,0,Low
frame_0152.jpg,0,Low
frame_0153.jpg,0,Low
frame_0154.jpg,0,Low
frame_0155.jpg,0,Low
frame_0156.jpg,1,Low
frame_0157.jpg,0,Low
frame_0158.jpg,0,Low
frame_0159.jpg,0,Low
frame_0160.jpg,0,Low
frame_0161.jpg,0,Low
frame_0162.jpg,0,Low
frame_0163.jpg,0,Low
frame_0164.jpg,0,Low
frame_0165.jpg,0,Low
frame_0166.jpg,0,Low
frame_0167.jpg,0,Low
frame_0168.jpg,0,Low
frame_0169.jpg,0,Low
frame_0170.jpg,1,Low
frame_0171.jpg,2,Low
frame_0172.jpg,0,Low
frame_0173.jpg,1,Low
frame_0174.jpg,0,Low
frame_0175.jpg,0,Low
frame_0176.jpg,0,Low
frame_0177.jpg,1,Low
frame_0178.jpg,0,Low
frame_0179.jpg,0,Low
frame_0180.jpg,0,Low
frame_0181.jpg,0,Low
frame_0182.jpg,0,Low
frame_0183.jpg,0,Low
frame_0184.jpg,0,Low
frame_0185.jpg,0,Low
frame_0186.jpg,0,Low
frame_0187.jpg,0,Low
frame_0188.jpg,0,Low
frame_0189.jpg,0,Low
frame_0190.jpg,0,Low
frame_0191.jpg,0,Low
frame_0192.jpg,0,Low
frame_0193.jpg,0,Low
frame_0194.jpg,0,Low
frame_0195.jpg,0,Low
frame_0196.jpg,0,Low
frame_0197.jpg,0,Low
frame_0198.jpg,0,Low
frame_0199.jpg,0,Low
frame_0200.jpg,0,Low
frame_0201.jpg,0,Low
frame_0202.jpg,0,Low
frame_0203.jpg,0,Low
frame_0204.jpg,0,Low
frame_0205.jpg,0,Low
frame_0206.jpg,1,Low
frame_0207.jpg,1,Low
frame_0208.jpg,0,Low
frame_0209.jpg,0,Low
frame_0210.jpg,0,Low
frame_0211.jpg,0,Low
frame_0212.jpg,0,Low
frame_0213.jpg,0,Low
frame_0214.jpg,0,Low
frame_0215.jpg,0,Low
frame_0216.jpg,0,Low
frame_0217.jpg,0,Low
frame_0218.jpg,0,Low
frame_0219.jpg,0,Low
frame_0220.jpg,0,Low
frame_0221.jpg,0,Low
frame_0222.jpg,1,Low
frame_0223.jpg,0,Low
frame_0224.jpg,0,Low
frame_0225.jpg,0,Low
frame_0226.jpg,0,Low
frame_0227.jpg,0,Low
frame_0228.jpg,0,Low
frame_0229.jpg,0,Low
frame_0230.jpg,0,Low
frame_0231.jpg,0,Low
frame_0232.jpg,0,Low
frame_0233.jpg,0,Low
frame_0234.jpg,0,Low
frame_0235.jpg,0,Low
frame_0236.jpg,0,Low
frame_0237.jpg,0,Low
frame_0238.jpg,0,Low
frame_0239.jpg,0,Low
frame_0240.jpg,0,Low
frame_0241.jpg,0,Low
frame_0242.jpg,0,Low
frame_0243.jpg,0,Low
frame_0244.jpg,0,Low
frame_0245.jpg,0,Low
frame_0246.jpg,1,Low
frame_0247.jpg,1,Low
frame_0248.jpg,1,Low
frame_0249.jpg,0,Low
frame_0250.jpg,0,Low
frame_0251.jpg,0,Low
frame_0252.jpg,0,Low
frame_0253.jpg,0,Low
frame_0254.jpg,0,Low
frame_0255.jpg,0,Low
frame_0256.jpg,0,Low
frame_0257.jpg,1,Low
frame_0258.jpg,0,Low
frame_0259.jpg,0,Low
frame_0260.jpg,0,Low
frame_0261.jpg,0,Low
frame_0262.jpg,0,Low
frame_0263.jpg,1,Low
frame_0264.jpg,0,Low
frame_0265.jpg,0,Low
frame_0266.jpg,0,Low
frame_0267.jpg,0,Low
frame_0268.jpg,0,Low
frame_0269.jpg,0,Low
frame_0270.jpg,1,Low
frame_0271.jpg,1,Low
frame_0272.jpg,1,Low
frame_0273.jpg,1,Low
frame_0274.jpg,1,Low
frame_0275.jpg,0,Low
frame_0276.jpg,1,Low
frame_0277.jpg,1,Low
frame_0278.jpg,1,Low
frame_0279.jpg,0,Low
frame_0280.jpg,1,Low
frame_0281.jpg,0,Low
frame_0282.jpg,0,Low
frame_0283.jpg,1,Low
frame_0284.jpg,1,Low
frame_0285.jpg,1,Low
frame_0286.jpg,0,Low
frame_0287.jpg,0,Low
frame_0288.jpg,0,Low
frame_0289.jpg,0,Low
frame_0290.jpg,0,Low
frame_0291.jpg,1,Low
frame_0292.jpg,1,Low
frame_0293.jpg,1,Low
frame_0294.jpg,0,Low
frame_0295.jpg,0,Low
frame_0296.jpg,0,Low
frame_0297.jpg,0,Low
frame_0298.jpg,0,Low
frame_0299.jpg,0,Low
frame_0300.jpg,0,Low
frame_0301.jpg,0,Low
frame_0302.jpg,0,Low
frame_0303.jpg,0,Low
frame_0304.jpg,0,Low
frame_0305.jpg,0,Low
frame_0306.jpg,0,Low
frame_0307.jpg,0,Low
frame_0308.jpg,0,Low
frame_0309.jpg,0,Low
frame_0310.jpg,0,Low
frame_0311.jpg,0,Low
frame_0312.jpg,0,Low
frame_0313.jpg,0,Low
frame_0314.jpg,0,Low
frame_0315.jpg,0,Low
frame_0316.jpg,0,Low
frame_0317.jpg,0,Low
frame_0318.jpg,0,Low
frame_0319.jpg,0,Low
frame_0320.jpg,0,Low
frame_0321.jpg,0,Low
frame_0322.jpg,0,Low
frame_0323.jpg,0,Low
frame_0324.jpg,0,Low
frame_0325.jpg,0,Low
frame_0326.jpg,0,Low
frame_0327.jpg,0,Low
frame_0328.jpg,0,Low
frame_0329.jpg,0,Low
frame_0330.jpg,0,Low
frame_0331.jpg,0,Low
frame_0332.jpg,0,Low
frame_0333.jpg,0,Low
frame_0334.jpg,0,Low
frame_0335.jpg,0,Low
frame_0336.jpg,0,Low
frame_0337.jpg,0,Low
frame_0338.jpg,0,Low
frame_0339.jpg,0,Low
frame_0340.jpg,0,Low
frame_0341.jpg,0,Low
frame_0342.jpg,0,Low
frame_0343.jpg,0,Low
frame_0344.jpg,0,Low
frame_0345.jpg,0,Low
frame_0346.jpg,0,Low
frame_0347.jpg,0,Low
frame_0348.jpg,0,Low
frame_0349.jpg,0,Low
frame_0350.jpg,0,Low
frame_0351.jpg,0,Low
frame_0352.jpg,0,Low
frame_0353.jpg,0,Low
frame_0354.jpg,0,Low
frame_0355.jpg,0,Low
frame_0356.jpg,0,Low
frame_0357.jpg,0,Low
frame_0358.jpg,0,Low
frame_0359.jpg,0,Low
frame_0360.jpg,0,Low
frame_0361.jpg,0,Low
frame_0362.jpg,0,Low
frame_0363.jpg,0,Low
frame_0364.jpg,0,Low
frame_0365.jpg,0,Low
frame_0366.jpg,0,Low
frame_0367.jpg,0,Low
frame_0368.jpg,0,Low
frame_0369.jpg,0,Low
frame_0370.jpg,0,Low
frame_0371.jpg,0,Low
frame_0372.jpg,0,Low
frame_0373.jpg,0,Low
frame_0374.jpg,0,Low
frame_0375.jpg,0,Low
frame_0376.jpg,0,Low
frame_0377.jpg,0,Low
frame_0378.jpg,0,Low
frame_0379.jpg,0,Low
frame_0380.jpg,0,Low
frame_0381.jpg,0,Low
frame_0382.jpg,0,Low
frame_0383.jpg,0,Low
frame_0384.jpg,0,Low
frame_0385.jpg,0,Low
frame_0386.jpg,0,Low
frame_0387.jpg,0,Low
frame_0388.jpg,0,Low
frame_0389.jpg,0,Low
frame_0390.jpg,0,Low
frame_0391.jpg,0,Low
frame_0392.jpg,0,Low
frame_0393.jpg,0,Low
frame_0394.jpg,0,Low
frame_0395.jpg,0,Low
frame_0396.jpg,0,Low
frame_0397.jpg,0,Low
frame_0398.jpg,1,Low
frame_0399.jpg,0,Low
frame_0400.jpg,1,Low
frame_0401.jpg,0,Low
frame_0402.jpg,0,Low
frame_0403.jpg,1,Low
frame_0404.jpg,1,Low
frame_0405.jpg,1,Low
frame_0406.jpg,1,Low
frame_0407.jpg,1,Low
frame_0408.jpg,0,Low
frame_0409.jpg,0,Low
frame_0410.jpg,0,Low
frame_0411.jpg,0,Low
frame_0412.jpg,1,Low
frame_0413.jpg,1,Low
frame_0414.jpg,1,Low
frame_0415.jpg,0,Low
frame_0416.jpg,0,Low
frame_0417.jpg,0,Low
frame_0418.jpg,0,Low
frame_0419.jpg,0,Low
frame_0420.jpg,0,Low
frame_0421.jpg,0,Low
frame_0422.jpg,0,Low
frame_0423.jpg,0,Low
frame_0424.jpg,0,Low
frame_0425.jpg,0,Low
frame_0426.jpg,0,Low
frame_0427.jpg,0,Low
frame_0428.jpg,0,Low
frame_0429.jpg,0,Low
frame_0430.jpg,0,Low
frame_0431.jpg,0,Low
frame_0432.jpg,0,Low
frame_0433.jpg,0,Low
frame_0434.jpg,0,Low
frame_0435.jpg,0,Low
frame_0436.jpg,0,Low
frame_0437.jpg,0,Low
frame_0438.jpg,0,Low
frame_0439.jpg,0,Low
frame_0440.jpg,0,Low
frame_0441.jpg,0,Low
frame_0442.jpg,0,Low
frame_0443.jpg,0,Low
frame_0444.jpg,0,Low
frame_0445.jpg,0,Low
frame_0446.jpg,0,Low
frame_0447.jpg,0,Low
frame_0448.jpg,0,Low
frame_0449.jpg,0,Low
frame_0450.jpg,0,Low
frame_0451.jpg,0,Low
frame_0452.jpg,1,Low
frame_0453.jpg,1,Low
frame_0454.jpg,1,Low
frame_0455.jpg,0,Low
frame_0456.jpg,0,Low
frame_0457.jpg,0,Low
frame_0458.jpg,0,Low
frame_0459.jpg,0,Low
frame_0460.jpg,0,Low
frame_0461.jpg,0,Low
frame_0462.jpg,0,Low
frame_0463.jpg,0,Low
frame_0464.jpg,0,Low
frame_0465.jpg,0,Low
frame_0466.jpg,1,Low
frame_0467.jpg,1,Low
frame_0468.jpg,0,Low
frame_0469.jpg,0,Low
frame_0470.jpg,0,Low
frame_0471.jpg,0,Low
frame_0472.jpg,0,Low
frame_0473.jpg,0,Low
frame_0474.jpg,1,Low
frame_0475.jpg,0,Low
frame_0476.jpg,0,Low
frame_0477.jpg,0,Low
frame_0478.jpg,0,Low
frame_0479.jpg,0,Low
frame_0480.jpg,0,Low
frame_0481.jpg,0,Low
frame_0482.jpg,0,Low
frame_0483.jpg,0,Low
frame_0484.jpg,0,Low
frame_0485.jpg,0,Low
frame_0486.jpg,0,Low
frame_0487.jpg,1,Low
frame_0488.jpg,1,Low
frame_0489.jpg,0,Low
frame_0490.jpg,0,Low
frame_0491.jpg,0,Low
frame_0492.jpg,0,Low
frame_0493.jpg,0,Low
frame_0494.jpg,0,Low
frame_0495.jpg,0,Low
frame_0496.jpg,0,Low
frame_0497.jpg,0,Low
frame_0498.jpg,0,Low
frame_0499.jpg,0,Low
frame_0500.jpg,0,Low
frame_0501.jpg,1,Low
frame_0502.jpg,0,Low
frame_0503.jpg,1,Low
frame_0504.jpg,1,Low
frame_0505.jpg,0,Low
frame_0506.jpg,0,Low
frame_0507.jpg,0,Low
frame_0508.jpg,0,Low
frame_0509.jpg,0,Low
frame_0510.jpg,0,Low
frame_0511.jpg,0,Low
frame_0512.jpg,0,Low
frame_0513.jpg,0,Low
frame_0514.jpg,0,Low
frame_0515.jpg,0,Low
frame_0516.jpg,0,Low
frame_0517.jpg,0,Low
frame_0518.jpg,0,Low
frame_0519.jpg,0,Low
frame_0520.jpg,0,Low
frame_0521.jpg,0,Low
frame_0522.jpg,0,Low
frame_0523.jpg,0,Low
frame_0524.jpg,0,Low
frame_0525.jpg,0,Low
frame_0526.jpg,0,Low
frame_0527.jpg,0,Low
frame_0528.jpg,0,Low
frame_0529.jpg,0,Low
frame_0530.jpg,0,Low
frame_0531.jpg,0,Low
frame_0532.jpg,0,Low
frame_0533.jpg,0,Low
frame_0534.jpg,0,Low
frame_0535.jpg,0,Low
frame_0536.jpg,0,Low
frame_0537.jpg,0,Low
frame_0538.jpg,0,Low
frame_0539.jpg,0,Low
frame_0540.jpg,0,Low
frame_0541.jpg,0,Low
frame_0542.jpg,0,Low
frame_0543.jpg,0,Low
frame_0544.jpg,0,Low
frame_0545.jpg,1,Low
frame_0546.jpg,1,Low
frame_0547.jpg,0,Low
frame_0548.jpg,0,Low
frame_0549.jpg,0,Low
frame_0550.jpg,0,Low
frame_0551.jpg,0,Low
frame_0552.jpg,1,Low
frame_0553.jpg,0,Low
frame_0554.jpg,0,Low
frame_0555.jpg,0,Low
frame_0556.jpg,0,Low
frame_0557.jpg,0,Low
frame_0558.jpg,0,Low
frame_0559.jpg,0,Low
frame_0560.jpg,0,Low
frame_0561.jpg,0,Low
frame_0562.jpg,0,Low
frame_0563.jpg,0,Low
frame_0564.jpg,0,Low
frame_0565.jpg,0,Low
frame_0566.jpg,0,Low
frame_0567.jpg,0,Low
frame_0568.jpg,0,Low
frame_0569.jpg,0,Low
frame_0570.jpg,0,Low
frame_0571.jpg,0,Low
frame_0572.jpg,0,Low
frame_0573.jpg,0,Low
frame_0574.jpg,0,Low
frame_0575.jpg,0,Low
frame_0576.jpg,0,Low
frame_0577.jpg,0,Low
frame_0578.jpg,0,Low
frame_0579.jpg,0,Low
frame_0580.jpg,0,Low
frame_0581.jpg,0,Low
frame_0582.jpg,0,Low
frame_0583.jpg,0,Low
frame_0584.jpg,0,Low
frame_0585.jpg,0,Low
frame_0586.jpg,0,Low
frame_0587.jpg,0,Low
frame_0588.jpg,0,Low
frame_0589.jpg,0,Low
frame_0590.jpg,0,Low
frame_0591.jpg,0,Low
frame_0592.jpg,0,Low
frame_0593.jpg,0,Low
frame_0594.jpg,0,Low
frame_0595.jpg,0,Low
frame_0596.jpg,0,Low
frame_0597.jpg,0,Low
frame_0598.jpg,0,Low
frame_0599.jpg,0,Low
frame_0600.jpg,0,Low
frame_0601.jpg,0,Low
frame_0602.jpg,0,Low
frame_0603.jpg,0,Low
frame_0604.jpg,0,Low
frame_0605.jpg,0,Low
frame_0606.jpg,0,Low
frame_0607.jpg,0,Low
frame_0608.jpg,0,Low
frame_0609.jpg,0,Low
frame_0610.jpg,0,Low
frame_0611.jpg,0,Low
frame_0612.jpg,0,Low
frame_0613.jpg,0,Low
frame_0614.jpg,0,Low
frame_0615.jpg,0,Low
frame_0616.jpg,0,Low
frame_0617.jpg,0,Low
frame_0618.jpg,0,Low
frame_0619.jpg,0,Low
frame_0620.jpg,0,Low
frame_0621.jpg,0,Low
frame_0622.jpg,0,Low
frame_0623.jpg,0,Low
frame_0624.jpg,0,Low
frame_0625.jpg,0,Low
frame_0626.jpg,0,Low
frame_0627.jpg,0,Low
frame_0628.jpg,0,Low
frame_0629.jpg,0,Low
frame_0630.jpg,0,Low
frame_0631.jpg,0,Low
frame_0632.jpg,0,Low
frame_0633.jpg,0,Low
frame_0634.jpg,0,Low
frame_0635.jpg,0,Low
frame_0636.jpg,0,Low
frame_0637.jpg,0,Low
frame_0638.jpg,0,Low
frame_0639.jpg,0,Low
frame_0640.jpg,0,Low
frame_0641.jpg,0,Low
frame_0642.jpg,0,Low
frame_0643.jpg,0,Low
frame_0644.jpg,0,Low
frame_0645.jpg,0,Low
frame_0646.jpg,0,Low
frame_0647.jpg,0,Low
frame_0648.jpg,0,Low
frame_0649.jpg,0,Low
frame_0650.jpg,0,Low
frame_0651.jpg,0,Low
frame_0652.jpg,0,Low
frame_0653.jpg,0,Low
frame_0654.jpg,0,Low
frame_0655.jpg,0,Low
frame_0656.jpg,0,Low
frame_0657.jpg,0,Low
frame_0658.jpg,0,Low
frame_0659.jpg,0,Low
frame_0660.jpg,0,Low
frame_0661.jpg,0,Low
frame_0662.jpg,0,Low
frame_0663.jpg,0,Low
frame_0664.jpg,0,Low
frame_0665.jpg,0,Low
frame_0666.jpg,0,Low
frame_0667.jpg,0,Low
frame_0668.jpg,0,Low
frame_0669.jpg,0,Low
frame_0670.jpg,0,Low
frame_0671.jpg,0,Low
frame_0672.jpg,0,Low
frame_0673.jpg,0,Low
frame_0674.jpg,0,Low
frame_0675.jpg,0,Low
frame_0676.jpg,0,Low
frame_0677.jpg,0,Low
frame_0678.jpg,0,Low
frame_0679.jpg,0,Low
frame_0680.jpg,0,Low
frame_0681.jpg,0,Low
frame_0682.jpg,0,Low
frame_0683.jpg,0,Low
frame_0684.jpg,0,Low
frame_0685.jpg,0,Low
frame_0686.jpg,0,Low
frame_0687.jpg,0,Low
frame_0688.jpg,0,Low
frame_0689.jpg,0,Low
frame_0690.jpg,0,Low
frame_0691.jpg,0,Low
frame_0692.jpg,0,Low
frame_0693.jpg,0,Low
frame_0694.jpg,0,Low
frame_0695.jpg,0,Low
frame_0696.jpg,0,Low
frame_0697.jpg,0,Low
frame_0698.jpg,0,Low
frame_0699.jpg,0,Low
frame_0700.jpg,0,Low
frame_0701.jpg,0,Low
frame_0702.jpg,0,Low
frame_0703.jpg,0,Low
frame_0704.jpg,0,Low
frame_0705.jpg,0,Low
frame_0706.jpg,0,Low
frame_0707.jpg,0,Low
frame_0708.jpg,0,Low
frame_0709.jpg,0,Low
frame_0710.jpg,0,Low
frame_0711.jpg,0,Low
frame_0712.jpg,0,Low
frame_0713.jpg,0,Low
frame_0714.jpg,0,Low
frame_0715.jpg,0,Low
frame_0716.jpg,0,Low
frame_0717.jpg,0,Low
frame_0718.jpg,0,Low
frame_0719.jpg,0,Low
frame_0720.jpg,0,Low
frame_0721.jpg,0,Low
frame_0722.jpg,0,Low
frame_0723.jpg,0,Low
frame_0724.jpg,0,Low
frame_0725.jpg,0,Low
frame_0726.jpg,0,Low
frame_0727.jpg,0,Low
frame_0728.jpg,0,Low
frame_0729.jpg,0,Low
frame_0730.jpg,0,Low
frame_0731.jpg,0,Low
frame_0732.jpg,0,Low
frame_0733.jpg,0,Low
frame_0734.jpg,0,Low
frame_0735.jpg,0,Low
frame_0736.jpg,0,Low
frame_0737.jpg,0,Low
frame_0738.jpg,0,Low
frame_0739.jpg,0,Low
frame_0740.jpg,0,Low
frame_0741.jpg,0,Low
frame_0742.jpg,0,Low
frame_0743.jpg,0,Low
frame_0744.jpg,0,Low
frame_0745.jpg,0,Low
frame_0746.jpg,0,Low
frame_0747.jpg,0,Low
frame_0748.jpg,0,Low
frame_0749.jpg,0,Low
frame_0750.jpg,0,Low
frame_0751.jpg,0,Low
frame_0752.jpg,0,Low
frame_0753.jpg,0,Low
frame_0754.jpg,0,Low
frame_0755.jpg,0,Low
frame_0756.jpg,0,Low
frame_0757.jpg,0,Low
frame_0758.jpg,0,Low
frame_0759.jpg,0,Low
frame_0760.jpg,0,Low
frame_0761.jpg,0,Low
frame_0762.jpg,0,Low
frame_0763.jpg,0,Low
frame_0764.jpg,0,Low
frame_0765.jpg,0,Low
frame_0766.jpg,0,Low
frame_0767.jpg,0,Low
frame_0768.jpg,0,Low
frame_0769.jpg,0,Low
frame_0770.jpg,0,Low
frame_0771.jpg,0,Low
frame_0772.jpg,1,Low
frame_0773.jpg,1,Low
frame_0774.jpg,1,Low
frame_0775.jpg,1,Low
frame_0776.jpg,1,Low
frame_0777.jpg,2,Low
frame_0778.jpg,1,Low
frame_0779.jpg,1,Low
frame_0780.jpg,1,Low
frame_0781.jpg,0,Low
frame_0782.jpg,0,Low
frame_0783.jpg,0,Low
frame_0784.jpg,0,Low
frame_0785.jpg,0,Low
frame_0786.jpg,0,Low
frame_0787.jpg,0,Low
frame_0788.jpg,0,Low
frame_0789.jpg,0,Low
frame_0790.jpg,0,Low
frame_0791.jpg,0,Low
frame_0792.jpg,0,Low
frame_0793.jpg,0,Low
frame_0794.jpg,0,Low
frame_0795.jpg,0,Low
frame_0796.jpg,0,Low
frame_0797.jpg,0,Low
frame_0798.jpg,0,Low
frame_0799.jpg,0,Low
frame_0800.jpg,1,Low
frame_0801.jpg,0,Low
frame_0802.jpg,0,Low
frame_0803.jpg,0,Low
frame_0804.jpg,0,Low
frame_0805.jpg,0,Low
frame_0806.jpg,0,Low
frame_0807.jpg,0,Low
frame_0808.jpg,0,Low
frame_0809.jpg,0,Low
frame_0810.jpg,0,Low
frame_0811.jpg,0,Low
frame_0812.jpg,0,Low
frame_0813.jpg,0,Low
frame_0814.jpg,0,Low
frame_0815.jpg,0,Low
frame_0816.jpg,0,Low
frame_0817.jpg,0,Low
frame_0818.jpg,0,Low
frame_0819.jpg,0,Low
frame_0820.jpg,0,Low
frame_0821.jpg,0,Low
frame_0822.jpg,1,Low
frame_0823.jpg,0,Low
frame_0824.jpg,1,Low
frame_0825.jpg,0,Low
frame_0826.jpg,0,Low
frame_0827.jpg,0,Low
frame_0828.jpg,0,Low
frame_0829.jpg,0,Low
frame_0830.jpg,0,Low
frame_0831.jpg,0,Low
frame_0832.jpg,0,Low
frame_0833.jpg,0,Low
frame_0834.jpg,0,Low
frame_0835.jpg,0,Low
frame_0836.jpg,0,Low
frame_0837.jpg,0,Low
frame_0838.jpg,0,Low
frame_0839.jpg,0,Low
frame_0840.jpg,0,Low
frame_0841.jpg,0,Low
frame_0842.jpg,0,Low
frame_0843.jpg,0,Low
frame_0844.jpg,0,Low
frame_0845.jpg,0,Low
frame_0846.jpg,0,Low
frame_0847.jpg,0,Low
frame_0848.jpg,0,Low
frame_0849.jpg,1,Low
frame_0850.jpg,1,Low
frame_0851.jpg,1,Low
frame_0852.jpg,0,Low
frame_0853.jpg,0,Low
frame_0854.jpg,0,Low
frame_0855.jpg,0,Low
frame_0856.jpg,0,Low
frame_0857.jpg,0,Low
frame_0858.jpg,0,Low
frame_0859.jpg,0,Low
frame_0860.jpg,0,Low
frame_0861.jpg,0,Low
frame_0862.jpg,0,Low
frame_0863.jpg,0,Low
frame_0864.jpg,1,Low
frame_0865.jpg,0,Low
frame_0866.jpg,0,Low
frame_0867.jpg,1,Low
frame_0868.jpg,0,Low
frame_0869.jpg,1,Low
frame_0870.jpg,1,Low
frame_0871.jpg,1,Low
frame_0872.jpg,1,Low
frame_0873.jpg,0,Low
frame_0874.jpg,1,Low
frame_0875.jpg,1,Low
frame_0876.jpg,1,Low
frame_0877.jpg,0,Low
frame_0878.jpg,1,Low
frame_0879.jpg,0,Low
frame_0880.jpg,0,Low
frame_0881.jpg,0,Low
frame_0882.jpg,0,Low
frame_0883.jpg,0,Low
frame_0884.jpg,0,Low
frame_0885.jpg,0,Low
frame_0886.jpg,0,Low
frame_0887.jpg,0,Low
frame_0888.jpg,0,Low
frame_0889.jpg,0,Low
frame_0890.jpg,0,Low
frame_0891.jpg,0,Low
frame_0892.jpg,0,Low
frame_0893.jpg,0,Low
frame_0894.jpg,0,Low
frame_0895.jpg,0,Low
frame_0896.jpg,0,Low
frame_0897.jpg,0,Low
frame_0898.jpg,0,Low
frame_0899.jpg,0,Low
frame_0900.jpg,0,Low
frame_0901.jpg,0,Low
frame_0902.jpg,0,Low
frame_0903.jpg,0,Low
frame_0904.jpg,0,Low
frame_0905.jpg,1,Low
frame_0906.jpg,0,Low
frame_0907.jpg,0,Low
frame_0908.jpg,0,Low
frame_0909.jpg,0,Low
frame_0910.jpg,0,Low
frame_0911.jpg,0,Low
frame_0912.jpg,1,Low
frame_0913.jpg,0,Low
frame_0914.jpg,0,Low
frame_0915.jpg,0,Low
frame_0916.jpg,0,Low
frame_0917.jpg,0,Low
frame_0918.jpg,0,Low
frame_0919.jpg,0,Low
frame_0920.jpg,0,Low
frame_0921.jpg,0,Low
frame_0922.jpg,0,Low
frame_0923.jpg,0,Low
frame_0924.jpg,0,Low
frame_0925.jpg,0,Low
frame_0926.jpg,0,Low
frame_0927.jpg,0,Low
frame_0928.jpg,0,Low
frame_0929.jpg,0,Low
frame_0930.jpg,0,Low
frame_0931.jpg,0,Low
frame_0932.jpg,0,Low
frame_0933.jpg,0,Low
frame_0934.jpg,0,Low
frame_0935.jpg,0,Low
frame_0936.jpg,0,Low
frame_0937.jpg,0,Low
frame_0938.jpg,0,Low
frame_0939.jpg,0,Low
frame_0940.jpg,0,Low
frame_0941.jpg,0,Low
frame_0942.jpg,0,Low
frame_0943.jpg,0,Low
frame_0944.jpg,0,Low
frame_0945.jpg,0,Low
frame_0946.jpg,0,Low
frame_0947.jpg,0,Low
frame_0948.jpg,0,Low
frame_0949.jpg,0,Low
frame_0950.jpg,0,Low
frame_0951.jpg,0,Low
frame_0952.jpg,0,Low
frame_0953.jpg,0,Low
frame_0954.jpg,0,Low
frame_0955.jpg,0,Low
frame_0956.jpg,0,Low
frame_0957.jpg,0,Low
frame_0958.jpg,0,Low
frame_0959.jpg,0,Low
frame_0960.jpg,0,Low
frame_0961.jpg,0,Low
frame_0962.jpg,0,Low
frame_0963.jpg,0,Low
frame_0964.jpg,0,Low
frame_0965.jpg,0,Low
frame_0966.jpg,0,Low
frame_0967.jpg,0,Low
frame_0968.jpg,0,Low
frame_0969.jpg,0,Low
frame_0970.jpg,0,Low
frame_0971.jpg,0,Low
frame_0972.jpg,0,Low
frame_0973.jpg,0,Low
frame_0974.jpg,0,Low
frame_0975.jpg,0,Low
frame_0976.jpg,0,Low
frame_0977.jpg,0,Low
frame_0978.jpg,0,Low
frame_0979.jpg,0,Low
frame_0980.jpg,0,Low
frame_0981.jpg,0,Low
frame_0982.jpg,0,Low
frame_0983.jpg,0,Low
frame_0984.jpg,0,Low
frame_0985.jpg,0,Low
frame_0986.jpg,0,Low
frame_0987.jpg,0,Low
frame_0988.jpg,0,Low
frame_0989.jpg,0,Low
frame_0990.jpg,0,Low
frame_0991.jpg,0,Low
frame_0992.jpg,0,Low
frame_0993.jpg,0,Low
frame_0994.jpg,0,Low
frame_0995.jpg,0,Low
frame_0996.jpg,0,Low
frame_0997.jpg,0,Low
frame_0998.jpg,0,Low
frame_0999.jpg,0,Low
frame_1000.jpg,0,Low
frame_1001.jpg,0,Low
frame_1002.jpg,0,Low
frame_1003.jpg,0,Low
frame_1004.jpg,0,Low
frame_1005.jpg,0,Low
frame_1006.jpg,0,Low
frame_1007.jpg,0,Low
frame_1008.jpg,0,Low
frame_1009.jpg,0,Low
frame_1010.jpg,0,Low
frame_1011.jpg,0,Low
frame_1012.jpg,0,Low
frame_1013.jpg,0,Low
frame_1014.jpg,0,Low
frame_1015.jpg,0,Low
frame_1016.jpg,0,Low
frame_1017.jpg,0,Low
frame_1018.jpg,0,Low
frame_1019.jpg,0,Low
frame_1020.jpg,0,Low
frame_1021.jpg,0,Low
frame_1022.jpg,0,Low
frame_1023.jpg,0,Low
frame_1024.jpg,0,Low
frame_1025.jpg,0,Low
frame_1026.jpg,0,Low
frame_1027.jpg,0,Low
frame_1028.jpg,0,Low
frame_1029.jpg,0,Low
frame_1030.jpg,0,Low
frame_1031.jpg,0,Low
frame_1032.jpg,2,Low
frame_1033.jpg,0,Low
frame_1034.jpg,0,Low
frame_1035.jpg,1,Low
frame_1036.jpg,0,Low
frame_1037.jpg,0,Low
frame_1038.jpg,0,Low
frame_1039.jpg,1,Low
frame_1040.jpg,0,Low
frame_1041.jpg,0,Low
frame_1042.jpg,1,Low
frame_1043.jpg,0,Low
frame_1044.jpg,0,Low
frame_1045.jpg,0,Low
frame_1046.jpg,1,Low
frame_1047.jpg,1,Low
frame_1048.jpg,0,Low
frame_1049.jpg,0,Low
frame_1050.jpg,0,Low
frame_1051.jpg,0,Low
frame_1052.jpg,0,Low
frame_1053.jpg,1,Low
frame_1054.jpg,0,Low
frame_1055.jpg,1,Low
frame_1056.jpg,1,Low
frame_1057.jpg,1,Low
frame_1058.jpg,1,Low
frame_1059.jpg,1,Low
frame_1060.jpg,1,Low
frame_1061.jpg,0,Low
frame_1062.jpg,0,Low
frame_1063.jpg,0,Low
frame_1064.jpg,0,Low
frame_1065.jpg,0,Low
frame_1066.jpg,0,Low
frame_1067.jpg,0,Low
frame_1068.jpg,0,Low
frame_1069.jpg,0,Low
frame_1070.jpg,1,Low
frame_1071.jpg,0,Low
frame_1072.jpg,0,Low
frame_1073.jpg,1,Low
frame_1074.jpg,1,Low
frame_1075.jpg,1,Low
frame_1076.jpg,1,Low
frame_1077.jpg,1,Low
frame_1078.jpg,0,Low
frame_1079.jpg,0,Low
frame_1080.jpg,0,Low
frame_1081.jpg,0,Low
frame_1082.jpg,0,Low
frame_1083.jpg,0,Low
frame_1084.jpg,0,Low
frame_1085.jpg,0,Low
frame_1086.jpg,1,Low
frame_1087.jpg,0,Low
frame_1088.jpg,0,Low
frame_1089.jpg,0,Low
frame_1090.jpg,0,Low
frame_1091.jpg,0,Low
frame_1092.jpg,0,Low
frame_1093.jpg,0,Low
frame_1094.jpg,0,Low
frame_1095.jpg,0,Low
frame_1096.jpg,0,Low
frame_1097.jpg,0,Low
frame_1098.jpg,0,Low
frame_1099.jpg,0,Low
frame_1100.jpg,0,Low
frame_1101.jpg,0,Low
frame_1102.jpg,0,Low
frame_1103.jpg,0,Low
frame_1104.jpg,1,Low
frame_1105.jpg,1,Low
frame_1106.jpg,0,Low
frame_1107.jpg,0,Low
frame_1108.jpg,0,Low
frame_1109.jpg,0,Low
frame_1110.jpg,0,Low
frame_1111.jpg,0,Low
frame_1112.jpg,0,Low
frame_1113.jpg,1,Low
frame_1114.jpg,0,Low
frame_1115.jpg,0,Low
frame_1116.jpg,0,Low
frame_1117.jpg,0,Low
frame_1118.jpg,0,Low
frame_1119.jpg,0,Low
frame_1120.jpg,0,Low
frame_1121.jpg,0,Low
frame_1122.jpg,0,Low
frame_1123.jpg,0,Low
frame_1124.jpg,0,Low
frame_1125.jpg,0,Low
frame_1126.jpg,0,Low
frame_1127.jpg,0,Low
frame_1128.jpg,0,Low
frame_1129.jpg,0,Low
frame_1130.jpg,0,Low
frame_1131.jpg,1,Low
frame_1132.jpg,1,Low
frame_1133.jpg,0,Low
frame_1134.jpg,0,Low
frame_1135.jpg,0,Low
frame_1136.jpg,0,Low
frame_1137.jpg,0,Low
frame_1138.jpg,0,Low
frame_1139.jpg,0,Low
frame_1140.jpg,0,Low
frame_1141.jpg,0,Low
frame_1142.jpg,0,Low
frame_1143.jpg,0,Low
frame_1144.jpg,0,Low
frame_1145.jpg,0,Low
frame_1146.jpg,0,Low
frame_1147.jpg,1,Low
frame_1148.jpg,0,Low
frame_1149.jpg,0,Low
frame_1150.jpg,0,Low
frame_1151.jpg,0,Low
frame_1152.jpg,0,Low
frame_1153.jpg,0,Low
frame_1154.jpg,0,Low
frame_1155.jpg,0,Low
frame_1156.jpg,0,Low
frame_1157.jpg,0,Low
frame_1158.jpg,0,Low
frame_1159.jpg,0,Low
frame_1160.jpg,0,Low
frame_1161.jpg,0,Low
frame_1162.jpg,0,Low
frame_1163.jpg,1,Low
frame_1164.jpg,1,Low
frame_1165.jpg,1,Low
frame_1166.jpg,1,Low
frame_1167.jpg,1,Low
frame_1168.jpg,0,Low
frame_1169.jpg,0,Low
frame_1170.jpg,0,Low
frame_1171.jpg,0,Low
frame_1172.jpg,1,Low
frame_1173.jpg,1,Low
frame_1174.jpg,1,Low
frame_1175.jpg,1,Low
frame_1176.jpg,1,Low
frame_1177.jpg,1,Low
frame_1178.jpg,0,Low
frame_1179.jpg,0,Low
frame_1180.jpg,0,Low
frame_1181.jpg,0,Low
frame_1182.jpg,0,Low
frame_1183.jpg,1,Low
frame_1184.jpg,1,Low
frame_1185.jpg,1,Low
frame_1186.jpg,0,Low
frame_1187.jpg,0,Low
frame_1188.jpg,0,Low
frame_1189.jpg,0,Low
frame_1190.jpg,0,Low
frame_1191.jpg,0,Low
frame_1192.jpg,0,Low
frame_1193.jpg,0,Low
frame_1194.jpg,0,Low
frame_1195.jpg,0,Low
frame_1196.jpg,0,Low
frame_1197.jpg,0,Low
frame_1198.jpg,0,Low
frame_1199.jpg,0,Low
frame_1200.jpg,0,Low
frame_1201.jpg,0,Low
frame_1202.jpg,0,Low
frame_1203.jpg,0,Low
frame_1204.jpg,0,Low
frame_1205.jpg,0,Low
frame_1206.jpg,0,Low
frame_1207.jpg,0,Low
frame_1208.jpg,0,Low
frame_1209.jpg,0,Low
frame_1210.jpg,0,Low
frame_1211.jpg,0,Low
frame_1212.jpg,0,Low
frame_1213.jpg,0,Low
frame_1214.jpg,0,Low
frame_1215.jpg,0,Low
frame_1216.jpg,0,Low
frame_1217.jpg,0,Low
frame_1218.jpg,0,Low
frame_1219.jpg,0,Low
frame_1220.jpg,0,Low
frame_1221.jpg,0,Low
frame_1222.jpg,0,Low
frame_1223.jpg,0,Low
frame_1224.jpg,0,Low
frame_1225.jpg,0,Low
frame_1226.jpg,0,Low
frame_1227.jpg,0,Low
frame_1228.jpg,0,Low
frame_1229.jpg,0,Low
frame_1230.jpg,0,Low
frame_1231.jpg,0,Low
frame_1232.jpg,0,Low
frame_1233.jpg,0,Low
frame_1234.jpg,0,Low
frame_1235.jpg,0,Low
frame_1236.jpg,0,Low
frame_1237.jpg,0,Low
frame_1238.jpg,0,Low
frame_1239.jpg,1,Low
frame_1240.jpg,1,Low
frame_1241.jpg,1,Low
frame_1242.jpg,0,Low
frame_1243.jpg,0,Low
frame_1244.jpg,0,Low
frame_1245.jpg,0,Low
frame_1246.jpg,0,Low
frame_1247.jpg,0,Low
frame_1248.jpg,0,Low
frame_1249.jpg,0,Low
frame_1250.jpg,0,Low
frame_1251.jpg,0,Low
frame_1252.jpg,0,Low
frame_1253.jpg,0,Low
frame_1254.jpg,0,Low
frame_1255.jpg,0,Low
frame_1256.jpg,0,Low
frame_1257.jpg,0,Low
frame_1258.jpg,0,Low
frame_1259.jpg,0,Low
frame_1260.jpg,0,Low
frame_1261.jpg,0,Low
frame_1262.jpg,0,Low
frame_1263.jpg,0,Low
frame_1264.jpg,0,Low
frame_1265.jpg,0,Low
frame_1266.jpg,0,Low
frame_1267.jpg,0,Low
frame_1268.jpg,0,Low
frame_1269.jpg,0,Low
frame_1270.jpg,0,Low
frame_1271.jpg,0,Low
frame_1272.jpg,0,Low
frame_1273.jpg,0,Low
frame_1274.jpg,0,Low
frame_1275.jpg,0,Low
frame_1276.jpg,0,Low
frame_1277.jpg,0,Low
frame_1278.jpg,0,Low
frame_1279.jpg,0,Low
frame_1280.jpg,0,Low
frame_1281.jpg,0,Low
frame_1282.jpg,0,Low
frame_1283.jpg,0,Low
frame_1284.jpg,0,Low
frame_1285.jpg,0,Low
frame_1286.jpg,0,Low
frame_1287.jpg,0,Low
frame_1288.jpg,0,Low
frame_1289.jpg,0,Low
frame_1290.jpg,0,Low
frame_1291.jpg,0,Low
frame_1292.jpg,0,Low
frame_1293.jpg,0,Low
frame_1294.jpg,0,Low
frame_1295.jpg,0,Low
frame_1296.jpg,0,Low
frame_1297.jpg,0,Low
frame_1298.jpg,0,Low
frame_1299.jpg,0,Low
frame_1300.jpg,0,Low
frame_1301.jpg,0,Low
frame_1302.jpg,0,Low
frame_1303.jpg,0,Low
frame_1304.jpg,0,Low
frame_1305.jpg,0,Low
frame_1306.jpg,0,Low
frame_1307.jpg,0,Low
frame_1308.jpg,0,Low
frame_1309.jpg,0,Low
frame_1310.jpg,0,Low
frame_1311.jpg,0,Low
frame_1312.jpg,0,Low
frame_1313.jpg,0,Low
frame_1314.jpg,0,Low
frame_1315.jpg,0,Low
frame_1316.jpg,0,Low
frame_1317.jpg,0,Low
frame_1318.jpg,0,Low
frame_1319.jpg,0,Low
frame_1320.jpg,0,Low
frame_1321.jpg,0,Low
frame_1322.jpg,0,Low
frame_1323.jpg,0,Low
frame_1324.jpg,0,Low
frame_1325.jpg,0,Low
frame_1326.jpg,0,Low
frame_1327.jpg,0,Low
frame_1328.jpg,0,Low
frame_1329.jpg,0,Low
frame_1330.jpg,0,Low
frame_1331.jpg,0,Low
frame_1332.jpg,0,Low
frame_1333.jpg,0,Low
frame_1334.jpg,0,Low
frame_1335.jpg,0,Low
frame_1336.jpg,0,Low
frame_1337.jpg,0,Low
frame_1338.jpg,0,Low
frame_1339.jpg,0,Low
frame_1340.jpg,0,Low
frame_1341.jpg,0,Low
frame_1342.jpg,0,Low
frame_1343.jpg,0,Low
frame_1344.jpg,0,Low
frame_1345.jpg,0,Low
frame_1346.jpg,0,Low
frame_1347.jpg,0,Low
frame_1348.jpg,0,Low
frame_1349.jpg,0,Low
frame_1350.jpg,0,Low
frame_1351.jpg,0,Low
frame_1352.jpg,0,Low
frame_1353.jpg,0,Low
frame_1354.jpg,0,Low
frame_1355.jpg,0,Low
frame_1356.jpg,0,Low
frame_1357.jpg,0,Low
frame_1358.jpg,0,Low
frame_1359.jpg,0,Low
frame_1360.jpg,0,Low
frame_1361.jpg,0,Low
frame_1362.jpg,0,Low
frame_1363.jpg,0,Low
frame_1364.jpg,0,Low
frame_1365.jpg,0,Low
frame_1366.jpg,0,Low
frame_1367.jpg,0,Low
frame_1368.jpg,0,Low
frame_1369.jpg,0,Low
frame_1370.jpg,0,Low
frame_1371.jpg,0,Low
frame_1372.jpg,0,Low
frame_1373.jpg,0,Low
frame_1374.jpg,0,Low
frame_1375.jpg,0,Low
frame_1376.jpg,0,Low
frame_1377.jpg,0,Low
frame_1378.jpg,0,Low
frame_1379.jpg,0,Low
frame_1380.jpg,0,Low
frame_1381.jpg,0,Low
frame_1382.jpg,0,Low
frame_1383.jpg,0,Low
frame_1384.jpg,0,Low
frame_1385.jpg,0,Low
frame_1386.jpg,0,Low
frame_1387.jpg,0,Low
frame_1388.jpg,0,Low
frame_1389.jpg,0,Low
frame_1390.jpg,0,Low
frame_1391.jpg,0,Low
frame_1392.jpg,0,Low
frame_1393.jpg,0,Low
frame_1394.jpg,0,Low
frame_1395.jpg,0,Low
frame_1396.jpg,0,Low
frame_1397.jpg,0,Low
frame_1398.jpg,0,Low
frame_1399.jpg,0,Low
frame_1400.jpg,0,Low
frame_1401.jpg,0,Low
frame_1402.jpg,0,Low
frame_1403.jpg,0,Low
frame_1404.jpg,0,Low
frame_1405.jpg,0,Low
frame_1406.jpg,0,Low
frame_1407.jpg,0,Low
frame_1408.jpg,0,Low
frame_1409.jpg,0,Low
frame_1410.jpg,0,Low
frame_1411.jpg,0,Low
frame_1412.jpg,0,Low
frame_1413.jpg,0,Low
frame_1414.jpg,0,Low
frame_1415.jpg,0,Low
frame_1416.jpg,0,Low
frame_1417.jpg,0,Low
frame_1418.jpg,0,Low
frame_1419.jpg,0,Low
frame_1420.jpg,0,Low
frame_1421.jpg,0,Low
frame_1422.jpg,0,Low
frame_1423.jpg,0,Low
frame_1424.jpg,0,Low
frame_1425.jpg,0,Low
frame_1426.jpg,0,Low
frame_1427.jpg,0,Low
frame_1428.jpg,0,Low
frame_1429.jpg,0,Low
frame_1430.jpg,0,Low
frame_1431.jpg,0,Low
frame_1432.jpg,0,Low
frame_1433.jpg,0,Low
frame_1434.jpg,0,Low
frame_1435.jpg,0,Low
frame_1436.jpg,0,Low
frame_1437.jpg,0,Low
frame_1438.jpg,0,Low
frame_1439.jpg,0,Low
frame_1440.jpg,0,Low
frame_1441.jpg,0,Low
frame_1442.jpg,0,Low
frame_1443.jpg,0,Low
frame_1444.jpg,0,Low
frame_1445.jpg,0,Low
frame_1446.jpg,0,Low
frame_1447.jpg,0,Low
frame_1448.jpg,0,Low
frame_1449.jpg,0,Low
frame_1450.jpg,0,Low
frame_1451.jpg,0,Low
frame_1452.jpg,0,Low
frame_1453.jpg,0,Low
frame_1454.jpg,0,Low
frame_1455.jpg,0,Low
frame_1456.jpg,0,Low
frame_1457.jpg,0,Low
frame_1458.jpg,0,Low
frame_1459.jpg,0,Low
frame_1460.jpg,0,Low
frame_1461.jpg,0,Low
frame_1462.jpg,0,Low
frame_1463.jpg,0,Low
frame_1464.jpg,0,Low
frame_1465.jpg,0,Low
frame_1466.jpg,0,Low
frame_1467.jpg,0,Low
frame_1468.jpg,0,Low
frame_1469.jpg,0,Low
frame_1470.jpg,0,Low
frame_1471.jpg,0,Low
frame_1472.jpg,0,Low
frame_1473.jpg,0,Low
frame_1474.jpg,0,Low
frame_1475.jpg,0,Low
frame_1476.jpg,0,Low
frame_1477.jpg,0,Low
frame_1478.jpg,0,Low
frame_1479.jpg,0,Low
frame_1480.jpg,0,Low
frame_1481.jpg,0,Low
frame_1482.jpg,0,Low
frame_1483.jpg,0,Low
frame_1484.jpg,0,Low
frame_1485.jpg,0,Low
frame_1486.jpg,0,Low
frame_1487.jpg,0,Low
frame_1488.jpg,0,Low
frame_1489.jpg,0,Low
frame_1490.jpg,0,Low
frame_1491.jpg,0,Low
frame_1492.jpg,0,Low
frame_1493.jpg,0,Low
frame_1494.jpg,0,Low
frame_1495.jpg,0,Low
frame_1496.jpg,0,Low
frame_1497.jpg,0,Low
frame_1498.jpg,0,Low
frame_1499.jpg,0,Low
frame_1500.jpg,0,Low
frame_1501.jpg,0,Low
frame_1502.jpg,0,Low
frame_1503.jpg,0,Low
frame_1504.jpg,0,Low
frame_1505.jpg,0,Low
frame_1506.jpg,0,Low
frame_1507.jpg,0,Low
frame_1508.jpg,0,Low
frame_1509.jpg,0,Low
frame_1510.jpg,0,Low
frame_1511.jpg,0,Low
frame_1512.jpg,0,Low
frame_1513.jpg,0,Low
frame_1514.jpg,0,Low
frame_1515.jpg,0,Low
frame_1516.jpg,0,Low
frame_1517.jpg,0,Low
frame_1518.jpg,0,Low
frame_1519.jpg,0,Low
frame_1520.jpg,0,Low
frame_1521.jpg,0,Low
frame_1522.jpg,0,Low
frame_1523.jpg,0,Low
frame_1524.jpg,0,Low
frame_1525.jpg,0,Low
frame_1526.jpg,0,Low
frame_1527.jpg,0,Low
frame_1528.jpg,0,Low
frame_1529.jpg,0,Low
frame_1530.jpg,0,Low
frame_1531.jpg,0,Low
frame_1532.jpg,0,Low
frame_1533.jpg,0,Low
frame_1534.jpg,0,Low
frame_1535.jpg,0,Low
frame_1536.jpg,0,Low
frame_1537.jpg,0,Low
frame_1538.jpg,0,Low
frame_1539.jpg,0,Low
frame_1540.jpg,0,Low
frame_1541.jpg,0,Low
frame_1542.jpg,0,Low
frame_1543.jpg,0,Low
frame_1544.jpg,0,Low
frame_1545.jpg,0,Low
frame_1546.jpg,0,Low
frame_1547.jpg,0,Low
frame_1548.jpg,0,Low
frame_1549.jpg,0,Low
frame_1550.jpg,0,Low
frame_1551.jpg,0,Low
frame_1552.jpg,0,Low
frame_1553.jpg,0,Low
frame_1554.jpg,0,Low
frame_1555.jpg,0,Low
frame_1556.jpg,0,Low
frame_1557.jpg,0,Low
frame_1558.jpg,0,Low
frame_1559.jpg,0,Low
frame_1560.jpg,0,Low
frame_1561.jpg,0,Low
frame_1562.jpg,0,Low
frame_1563.jpg,0,Low
frame_1564.jpg,1,Low
frame_1565.jpg,1,Low
frame_1566.jpg,0,Low
frame_1567.jpg,0,Low
frame_1568.jpg,0,Low
frame_1569.jpg,0,Low
frame_1570.jpg,0,Low
frame_1571.jpg,0,Low
frame_1572.jpg,0,Low
frame_1573.jpg,0,Low
frame_1574.jpg,0,Low
frame_1575.jpg,0,Low
frame_1576.jpg,0,Low
frame_1577.jpg,0,Low
frame_1578.jpg,0,Low
frame_1579.jpg,0,Low
frame_1580.jpg,0,Low
frame_1581.jpg,0,Low
frame_1582.jpg,0,Low
frame_1583.jpg,0,Low
frame_1584.jpg,0,Low
frame_1585.jpg,0,Low
frame_1586.jpg,0,Low
frame_1587.jpg,0,Low
frame_1588.jpg,0,Low
frame_1589.jpg,0,Low
frame_1590.jpg,0,Low
frame_1591.jpg,0,Low
frame_1592.jpg,0,Low
frame_1593.jpg,0,Low
frame_1594.jpg,0,Low
frame_1595.jpg,0,Low
frame_1596.jpg,0,Low
frame_1597.jpg,0,Low
frame_1598.jpg,0,Low
frame_1599.jpg,0,Low
frame_1600.jpg,0,Low
frame_1601.jpg,0,Low
frame_1602.jpg,0,Low
frame_1603.jpg,0,Low
frame_1604.jpg,0,Low
frame_1605.jpg,0,Low
frame_1606.jpg,1,Low
frame_1607.jpg,0,Low
frame_1608.jpg,0,Low
frame_1609.jpg,0,Low
frame_1610.jpg,0,Low
frame_1611.jpg,0,Low
frame_1612.jpg,0,Low
frame_1613.jpg,1,Low
frame_1614.jpg,0,Low
frame_1615.jpg,0,Low
frame_1616.jpg,1,Low
frame_1617.jpg,0,Low
frame_1618.jpg,0,Low
frame_1619.jpg,1,Low
frame_1620.jpg,0,Low
frame_1621.jpg,0,Low
frame_1622.jpg,0,Low
frame_1623.jpg,0,Low
frame_1624.jpg,0,Low
frame_1625.jpg,0,Low
frame_1626.jpg,0,Low
frame_1627.jpg,0,Low
frame_1628.jpg,0,Low
frame_1629.jpg,0,Low
frame_1630.jpg,0,Low
frame_1631.jpg,0,Low
frame_1632.jpg,0,Low
frame_1633.jpg,0,Low
frame_1634.jpg,0,Low
frame_1635.jpg,0,Low
frame_1636.jpg,0,Low
frame_1637.jpg,0,Low
frame_1638.jpg,0,Low
frame_1639.jpg,0,Low
frame_1640.jpg,0,Low
frame_1641.jpg,0,Low
frame_1642.jpg,0,Low
frame_1643.jpg,0,Low
frame_1644.jpg,0,Low
frame_1645.jpg,0,Low
frame_1646.jpg,0,Low
frame_1647.jpg,0,Low
frame_1648.jpg,0,Low
frame_1649.jpg,0,Low
frame_1650.jpg,0,Low
frame_1651.jpg,0,Low
frame_1652.jpg,0,Low
frame_1653.jpg,0,Low
frame_1654.jpg,0,Low
frame_1655.jpg,0,Low
frame_1656.jpg,0,Low
frame_1657.jpg,0,Low
frame_1658.jpg,0,Low
frame_1659.jpg,0,Low
frame_1660.jpg,0,Low
frame_1661.jpg,0,Low
frame_1662.jpg,0,Low
frame_1663.jpg,0,Low
frame_1664.jpg,0,Low
frame_1665.jpg,0,Low
frame_1666.jpg,0,Low
frame_1667.jpg,0,Low
frame_1668.jpg,0,Low
frame_1669.jpg,0,Low
frame_1670.jpg,0,Low
frame_1671.jpg,0,Low
frame_1672.jpg,0,Low
frame_1673.jpg,0,Low
frame_1674.jpg,0,Low
frame_1675.jpg,0,Low
frame_1676.jpg,0,Low
frame_1677.jpg,1,Low
frame_1678.jpg,1,Low
frame_1679.jpg,0,Low
frame_1680.jpg,0,Low
frame_1681.jpg,0,Low
frame_1682.jpg,0,Low
frame_1683.jpg,0,Low
frame_1684.jpg,1,Low
frame_1685.jpg,0,Low
frame_1686.jpg,0,Low
frame_1687.jpg,0,Low
frame_1688.jpg,0,Low
frame_1689.jpg,0,Low
frame_1690.jpg,0,Low
frame_1691.jpg,0,Low
frame_1692.jpg,0,Low
frame_1693.jpg,0,Low
frame_1694.jpg,0,Low
frame_1695.jpg,0,Low
frame_1696.jpg,0,Low
frame_1697.jpg,0,Low
frame_1698.jpg,0,Low
frame_1699.jpg,0,Low
frame_1700.jpg,1,Low
frame_1701.jpg,0,Low
frame_1702.jpg,0,Low
frame_1703.jpg,0,Low
frame_1704.jpg,1,Low
frame_1705.jpg,0,Low
frame_1706.jpg,0,Low
frame_1707.jpg,1,Low
frame_1708.jpg,1,Low
frame_1709.jpg,2,Low
frame_1710.jpg,2,Low
frame_1711.jpg,0,Low
frame_1712.jpg,0,Low
frame_1713.jpg,0,Low
frame_1714.jpg,0,Low
frame_1715.jpg,0,Low
frame_1716.jpg,0,Low
frame_1717.jpg,0,Low
frame_1718.jpg,0,Low
frame_1719.jpg,0,Low
frame_1720.jpg,0,Low
frame_1721.jpg,0,Low
frame_1722.jpg,0,Low
frame_1723.jpg,0,Low
frame_1724.jpg,1,Low
frame_1725.jpg,0,Low
frame_1726.jpg,0,Low
frame_1727.jpg,0,Low
frame_1728.jpg,0,Low
frame_1729.jpg,0,Low
frame_1730.jpg,0,Low
frame_1731.jpg,0,Low
frame_1732.jpg,0,Low
frame_1733.jpg,0,Low
frame_1734.jpg,0,Low
frame_1735.jpg,1,Low
frame_1736.jpg,0,Low
frame_1737.jpg,0,Low
frame_1738.jpg,0,Low
frame_1739.jpg,0,Low
frame_1740.jpg,0,Low
frame_1741.jpg,0,Low
frame_1742.jpg,0,Low
frame_1743.jpg,0,Low
frame_1744.jpg,0,Low
frame_1745.jpg,0,Low
frame_1746.jpg,0,Low
frame_1747.jpg,0,Low
frame_1748.jpg,0,Low
frame_1749.jpg,0,Low
frame_1750.jpg,0,Low
frame_1751.jpg,0,Low
frame_1752.jpg,0,Low
frame_1753.jpg,0,Low
frame_1754.jpg,0,Low
frame_1755.jpg,0,Low
frame_1756.jpg,0,Low
frame_1757.jpg,0,Low
frame_1758.jpg,0,Low
frame_1759.jpg,0,Low
frame_1760.jpg,0,Low
frame_1761.jpg,0,Low
frame_1762.jpg,0,Low
frame_1763.jpg,0,Low
frame_1764.jpg,0,Low
frame_1765.jpg,0,Low
frame_1766.jpg,0,Low
frame_1767.jpg,0,Low
frame_1768.jpg,0,Low
frame_1769.jpg,0,Low
frame_1770.jpg,0,Low
frame_1771.jpg,0,Low
frame_1772.jpg,1,Low
frame_1773.jpg,0,Low
frame_1774.jpg,0,Low
frame_1775.jpg,1,Low
frame_1776.jpg,1,Low
frame_1777.jpg,1,Low
frame_1778.jpg,0,Low
frame_1779.jpg,1,Low
frame_1780.jpg,1,Low
frame_1781.jpg,1,Low
frame_1782.jpg,0,Low
frame_1783.jpg,1,Low
frame_1784.jpg,0,Low
frame_1785.jpg,0,Low
frame_1786.jpg,1,Low
frame_1787.jpg,0,Low
frame_1788.jpg,0,Low
frame_1789.jpg,0,Low
frame_1790.jpg,0,Low
frame_1791.jpg,0,Low
frame_1792.jpg,0,Low
frame_1793.jpg,0,Low
frame_1794.jpg,0,Low
frame_1795.jpg,1,Low
frame_1796.jpg,0,Low
frame_1797.jpg,0,Low
frame_1798.jpg,0,Low
frame_1799.jpg,0,Low
frame_1800.jpg,0,Low
frame_1801.jpg,0,Low
frame_1802.jpg,0,Low
frame_1803.jpg,0,Low
frame_1804.jpg,0,Low
frame_1805.jpg,0,Low
frame_1806.jpg,0,Low
frame_1807.jpg,0,Low
frame_1808.jpg,0,Low
frame_1809.jpg,0,Low
frame_1810.jpg,0,Low
frame_1811.jpg,0,Low
frame_1812.jpg,0,Low
frame_1813.jpg,0,Low
frame_1814.jpg,0,Low
frame_1815.jpg,0,Low
frame_1816.jpg,0,Low
frame_1817.jpg,0,Low
frame_1818.jpg,0,Low
frame_1819.jpg,0,Low
frame_1820.jpg,0,Low
frame_1821.jpg,0,Low
frame_1822.jpg,0,Low
frame_1823.jpg,0,Low
frame_1824.jpg,0,Low
frame_1825.jpg,0,Low
frame_1826.jpg,0,Low
frame_1827.jpg,0,Low
frame_1828.jpg,0,Low
frame_1829.jpg,0,Low
frame_1830.jpg,0,Low
frame_1831.jpg,0,Low
frame_1832.jpg,0,Low
frame_1833.jpg,0,Low
frame_1834.jpg,0,Low
frame_1835.jpg,0,Low
frame_1836.jpg,0,Low
frame_1837.jpg,0,Low
frame_1838.jpg,0,Low
frame_1839.jpg,0,Low
frame_1840.jpg,0,Low
frame_1841.jpg,0,Low
frame_1842.jpg,0,Low
frame_1843.jpg,0,Low
frame_1844.jpg,0,Low
frame_1845.jpg,0,Low
frame_1846.jpg,0,Low
frame_1847.jpg,0,Low
frame_1848.jpg,0,Low
frame_1849.jpg,0,Low
frame_1850.jpg,0,Low
frame_1851.jpg,0,Low
frame_1852.jpg,0,Low
frame_1853.jpg,0,Low
frame_1854.jpg,0,Low
frame_1855.jpg,0,Low
frame_1856.jpg,0,Low
frame_1857.jpg,0,Low
frame_1858.jpg,0,Low
frame_1859.jpg,0,Low
frame_1860.jpg,0,Low
frame_1861.jpg,0,Low
frame_1862.jpg,0,Low
frame_1863.jpg,0,Low
frame_1864.jpg,0,Low
frame_1865.jpg,0,Low
frame_1866.jpg,0,Low
frame_1867.jpg,0,Low
frame_1868.jpg,0,Low
frame_1869.jpg,0,Low
frame_1870.jpg,0,Low
frame_1871.jpg,0,Low
frame_1872.jpg,0,Low
frame_1873.jpg,0,Low
frame_1874.jpg,0,Low
frame_1875.jpg,0,Low
frame_1876.jpg,0,Low
frame_1877.jpg,0,Low
frame_1878.jpg,0,Low
frame_1879.jpg,0,Low
frame_1880.jpg,0,Low
frame_1881.jpg,0,Low
frame_1882.jpg,0,Low
frame_1883.jpg,0,Low
frame_1884.jpg,0,Low
frame_1885.jpg,0,Low
frame_1886.jpg,0,Low
frame_1887.jpg,0,Low
frame_1888.jpg,0,Low
frame_1889.jpg,0,Low
frame_1890.jpg,0,Low
frame_1891.jpg,0,Low
frame_1892.jpg,0,Low
frame_1893.jpg,0,Low
frame_1894.jpg,0,Low
frame_1895.jpg,0,Low
frame_1896.jpg,0,Low
frame_1897.jpg,0,Low
frame_1898.jpg,0,Low
frame_1899.jpg,0,Low
frame_1900.jpg,0,Low
frame_1901.jpg,0,Low
frame_1902.jpg,0,Low
frame_1903.jpg,0,Low
frame_1904.jpg,0,Low
frame_1905.jpg,0,Low
frame_1906.jpg,0,Low
frame_1907.jpg,0,Low
frame_1908.jpg,0,Low
frame_1909.jpg,0,Low
frame_1910.jpg,0,Low
frame_1911.jpg,0,Low
frame_1912.jpg,0,Low
frame_1913.jpg,0,Low
frame_1914.jpg,0,Low
frame_1915.jpg,0,Low
frame_1916.jpg,0,Low
frame_1917.jpg,0,Low
frame_1918.jpg,0,Low
frame_1919.jpg,0,Low
frame_1920.jpg,0,Low
frame_1921.jpg,0,Low
frame_1922.jpg,0,Low
frame_1923.jpg,0,Low
frame_1924.jpg,0,Low
frame_1925.jpg,0,Low
frame_1926.jpg,0,Low
frame_1927.jpg,0,Low
frame_1928.jpg,0,Low
frame_1929.jpg,0,Low
frame_1930.jpg,0,Low
frame_1931.jpg,0,Low
frame_1932.jpg,0,Low
frame_1933.jpg,0,Low
frame_1934.jpg,0,Low
frame_1935.jpg,0,Low
frame_1936.jpg,0,Low
frame_1937.jpg,0,Low
frame_1938.jpg,0,Low
frame_1939.jpg,0,Low
frame_1940.jpg,0,Low
frame_1941.jpg,0,Low
frame_1942.jpg,0,Low
frame_1943.jpg,0,Low
frame_1944.jpg,0,Low
frame_1945.jpg,0,Low
frame_1946.jpg,0,Low
frame_1947.jpg,0,Low
frame_1948.jpg,0,Low
frame_1949.jpg,0,Low
frame_1950.jpg,0,Low
frame_1951.jpg,0,Low
frame_1952.jpg,0,Low
frame_1953.jpg,0,Low
frame_1954.jpg,0,Low
frame_1955.jpg,0,Low
frame_1956.jpg,0,Low
frame_1957.jpg,0,Low
frame_1958.jpg,0,Low
frame_1959.jpg,0,Low
frame_1960.jpg,0,Low
frame_1961.jpg,0,Low
frame_1962.jpg,0,Low
frame_1963.jpg,0,Low
frame_1964.jpg,0,Low
frame_1965.jpg,0,Low
frame_1966.jpg,0,Low
frame_1967.jpg,0,Low
frame_1968.jpg,0,Low
frame_1969.jpg,0,Low
frame_1970.jpg,0,Low
frame_1971.jpg,0,Low
frame_1972.jpg,0,Low
frame_1973.jpg,0,Low
frame_1974.jpg,0,Low
frame_1975.jpg,0,Low
frame_1976.jpg,0,Low
frame_1977.jpg,0,Low
frame_1978.jpg,0,Low
frame_1979.jpg,0,Low
frame_1980.jpg,0,Low
frame_1981.jpg,0,Low
frame_1982.jpg,0,Low
frame_1983.jpg,0,Low
frame_1984.jpg,0,Low
frame_1985.jpg,0,Low
frame_1986.jpg,0,Low
frame_1987.jpg,0,Low
frame_1988.jpg,0,Low
frame_1989.jpg,0,Low
frame_1990.jpg,0,Low
frame_1991.jpg,0,Low
frame_1992.jpg,0,Low
frame_1993.jpg,0,Low
frame_1994.jpg,0,Low
frame_1995.jpg,0,Low
frame_1996.jpg,0,Low
frame_1997.jpg,0,Low
frame_1998.jpg,0,Low
frame_1999.jpg,0,Low
frame_2000.jpg,0,Low
frame_2001.jpg,0,Low
frame_2002.jpg,0,Low
frame_2003.jpg,0,Low
frame_2004.jpg,0,Low
frame_2005.jpg,0,Low
frame_2006.jpg,0,Low
frame_2007.jpg,0,Low
frame_2008.jpg,0,Low
frame_2009.jpg,0,Low
frame_2010.jpg,0,Low
frame_2011.jpg,0,Low
frame_2012.jpg,0,Low
frame_2013.jpg,0,Low
frame_2014.jpg,0,Low
frame_2015.jpg,0,Low
frame_2016.jpg,0,Low
frame_2017.jpg,0,Low
frame_2018.jpg,0,Low
frame_2019.jpg,0,Low
frame_2020.jpg,0,Low
frame_2021.jpg,0,Low
frame_2022.jpg,0,Low
frame_2023.jpg,0,Low
frame_2024.jpg,0,Low
frame_2025.jpg,0,Low
frame_2026.jpg,0,Low
frame_2027.jpg,0,Low
frame_2028.jpg,0,Low
frame_2029.jpg,0,Low
frame_2030.jpg,0,Low
frame_2031.jpg,0,Low
frame_2032.jpg,0,Low
frame_2033.jpg,0,Low
frame_2034.jpg,0,Low
frame_2035.jpg,0,Low
frame_2036.jpg,0,Low
frame_2037.jpg,0,Low
frame_2038.jpg,0,Low
frame_2039.jpg,0,Low
frame_2040.jpg,0,Low
frame_2041.jpg,1,Low
frame_2042.jpg,0,Low
frame_2043.jpg,0,Low
frame_2044.jpg,0,Low
frame_2045.jpg,0,Low
frame_2046.jpg,0,Low
frame_2047.jpg,0,Low
frame_2048.jpg,0,Low
frame_2049.jpg,0,Low
frame_2050.jpg,0,Low
frame_2051.jpg,0,Low
frame_2052.jpg,0,Low
frame_2053.jpg,0,Low
frame_2054.jpg,0,Low
frame_2055.jpg,0,Low
frame_2056.jpg,1,Low
frame_2057.jpg,0,Low
frame_2058.jpg,2,Low
frame_2059.jpg,2,Low
frame_2060.jpg,0,Low
frame_2061.jpg,2,Low
frame_2062.jpg,2,Low
frame_2063.jpg,1,Low
frame_2064.jpg,1,Low
frame_2065.jpg,1,Low
frame_2066.jpg,1,Low
frame_2067.jpg,1,Low
frame_2068.jpg,1,Low
frame_2069.jpg,1,Low
frame_2070.jpg,1,Low
frame_2071.jpg,1,Low
frame_2072.jpg,1,Low
frame_2073.jpg,0,Low
frame_2074.jpg,0,Low
frame_2075.jpg,1,Low
frame_2076.jpg,1,Low
frame_2077.jpg,0,Low
frame_2078.jpg,1,Low
frame_2079.jpg,0,Low
frame_2080.jpg,0,Low
frame_2081.jpg,0,Low
frame_2082.jpg,0,Low
frame_2083.jpg,0,Low
frame_2084.jpg,1,Low
frame_2085.jpg,1,Low
frame_2086.jpg,1,Low
frame_2087.jpg,0,Low
frame_2088.jpg,0,Low
frame_2089.jpg,0,Low
frame_2090.jpg,0,Low
frame_2091.jpg,1,Low
frame_2092.jpg,1,Low
frame_2093.jpg,1,Low
frame_2094.jpg,1,Low
frame_2095.jpg,1,Low
frame_2096.jpg,0,Low
frame_2097.jpg,0,Low
frame_2098.jpg,1,Low
frame_2099.jpg,1,Low
frame_2100.jpg,1,Low
frame_2101.jpg,1,Low
frame_2102.jpg,0,Low
frame_2103.jpg,0,Low
frame_2104.jpg,0,Low
frame_2105.jpg,1,Low
frame_2106.jpg,1,Low
frame_2107.jpg,1,Low
frame_2108.jpg,1,Low
frame_2109.jpg,0,Low
frame_2110.jpg,0,Low
frame_2111.jpg,0,Low
frame_2112.jpg,0,Low
frame_2113.jpg,0,Low
frame_2114.jpg,0,Low
frame_2115.jpg,0,Low
frame_2116.jpg,0,Low
frame_2117.jpg,0,Low
frame_2118.jpg,0,Low
frame_2119.jpg,0,Low
frame_2120.jpg,0,Low
frame_2121.jpg,0,Low
frame_2122.jpg,0,Low
frame_2123.jpg,0,Low
frame_2124.jpg,1,Low
frame_2125.jpg,0,Low
frame_2126.jpg,0,Low
frame_2127.jpg,0,Low
frame_2128.jpg,0,Low
frame_2129.jpg,0,Low
frame_2130.jpg,0,Low
frame_2131.jpg,0,Low
frame_2132.jpg,0,Low
frame_2133.jpg,0,Low
frame_2134.jpg,1,Low
frame_2135.jpg,0,Low
frame_2136.jpg,0,Low
frame_2137.jpg,0,Low
frame_2138.jpg,0,Low
frame_2139.jpg,0,Low
frame_2140.jpg,0,Low
frame_2141.jpg,1,Low
frame_2142.jpg,0,Low
frame_2143.jpg,1,Low
frame_2144.jpg,1,Low
frame_2145.jpg,1,Low
frame_2146.jpg,0,Low
frame_2147.jpg,0,Low
frame_2148.jpg,0,Low
frame_2149.jpg,0,Low
frame_2150.jpg,0,Low
frame_2151.jpg,0,Low
frame_2152.jpg,0,Low
frame_2153.jpg,0,Low
frame_2154.jpg,0,Low
frame_2155.jpg,0,Low
frame_2156.jpg,0,Low
frame_2157.jpg,0,Low
frame_2158.jpg,0,Low
frame_2159.jpg,0,Low
frame_2160.jpg,0,Low
frame_2161.jpg,0,Low
frame_2162.jpg,0,Low
frame_2163.jpg,0,Low
frame_2164.jpg,0,Low
frame_2165.jpg,0,Low
frame_2166.jpg,0,Low
frame_2167.jpg,0,Low
frame_2168.jpg,0,Low
frame_2169.jpg,0,Low
frame_2170.jpg,0,Low
frame_2171.jpg,0,Low
frame_2172.jpg,0,Low
frame_2173.jpg,0,Low
frame_2174.jpg,0,Low
frame_2175.jpg,1,Low
frame_2176.jpg,1,Low
frame_2177.jpg,0,Low
frame_2178.jpg,0,Low
frame_2179.jpg,0,Low
frame_2180.jpg,0,Low
frame_2181.jpg,0,Low
frame_2182.jpg,0,Low
frame_2183.jpg,0,Low
frame_2184.jpg,0,Low
frame_2185.jpg,0,Low
frame_2186.jpg,1,Low
frame_2187.jpg,0,Low
frame_2188.jpg,0,Low
frame_2189.jpg,0,Low
frame_2190.jpg,0,Low
frame_2191.jpg,0,Low
frame_2192.jpg,0,Low
frame_2193.jpg,0,Low
frame_2194.jpg,0,Low
frame_2195.jpg,0,Low
frame_2196.jpg,0,Low
frame_2197.jpg,0,Low
frame_2198.jpg,0,Low
frame_2199.jpg,1,Low
frame_2200.jpg,0,Low
frame_2201.jpg,0,Low
frame_2202.jpg,1,Low
frame_2203.jpg,1,Low
frame_2204.jpg,1,Low
frame_2205.jpg,1,Low
frame_2206.jpg,1,Low
frame_2207.jpg,1,Low
frame_2208.jpg,0,Low
frame_2209.jpg,0,Low
frame_2210.jpg,0,Low
frame_2211.jpg,0,Low
frame_2212.jpg,0,Low
frame_2213.jpg,1,Low
frame_2214.jpg,0,Low
frame_2215.jpg,1,Low
frame_2216.jpg,0,Low
frame_2217.jpg,0,Low
frame_2218.jpg,0,Low
frame_2219.jpg,0,Low
frame_2220.jpg,0,Low
frame_2221.jpg,0,Low
frame_2222.jpg,0,Low
frame_2223.jpg,0,Low
frame_2224.jpg,0,Low
frame_2225.jpg,0,Low
frame_2226.jpg,0,Low
frame_2227.jpg,0,Low
frame_2228.jpg,0,Low
frame_2229.jpg,0,Low
frame_2230.jpg,0,Low
frame_2231.jpg,0,Low
frame_2232.jpg,0,Low
frame_2233.jpg,0,Low
frame_2234.jpg,0,Low
frame_2235.jpg,0,Low
frame_2236.jpg,0,Low
frame_2237.jpg,0,Low
frame_2238.jpg,0,Low
frame_2239.jpg,0,Low
frame_2240.jpg,0,Low
frame_2241.jpg,0,Low
frame_2242.jpg,0,Low
frame_2243.jpg,0,Low
frame_2244.jpg,0,Low
frame_2245.jpg,0,Low
frame_2246.jpg,0,Low
frame_2247.jpg,0,Low
frame_2248.jpg,0,Low
frame_2249.jpg,0,Low
frame_2250.jpg,0,Low
frame_2251.jpg,0,Low
frame_2252.jpg,0,Low
frame_2253.jpg,0,Low
frame_2254.jpg,0,Low
frame_2255.jpg,0,Low
frame_2256.jpg,0,Low
frame_2257.jpg,0,Low
frame_2258.jpg,0,Low
frame_2259.jpg,0,Low
frame_2260.jpg,0,Low
frame_2261.jpg,0,Low
frame_2262.jpg,0,Low
frame_2263.jpg,0,Low
frame_2264.jpg,0,Low
frame_2265.jpg,0,Low
frame_2266.jpg,0,Low
frame_2267.jpg,0,Low
frame_2268.jpg,0,Low
frame_2269.jpg,0,Low
frame_2270.jpg,0,Low
frame_2271.jpg,0,Low
frame_2272.jpg,0,Low
frame_2273.jpg,0,Low
frame_2274.jpg,0,Low
frame_2275.jpg,0,Low
frame_2276.jpg,0,Low
frame_2277.jpg,0,Low
frame_2278.jpg,0,Low
frame_2279.jpg,0,Low
frame_2280.jpg,0,Low
frame_2281.jpg,0,Low
frame_2282.jpg,0,Low
frame_2283.jpg,0,Low
frame_2284.jpg,1,Low
frame_2285.jpg,0,Low
frame_2286.jpg,0,Low
frame_2287.jpg,0,Low
frame_2288.jpg,0,Low
frame_2289.jpg,0,Low
frame_2290.jpg,0,Low
frame_2291.jpg,0,Low
frame_2292.jpg,0,Low
frame_2293.jpg,0,Low
frame_2294.jpg,0,Low
frame_2295.jpg,0,Low
frame_2296.jpg,0,Low
frame_2297.jpg,0,Low
frame_2298.jpg,0,Low
frame_2299.jpg,0,Low
frame_2300.jpg,0,Low
frame_2301.jpg,0,Low
frame_2302.jpg,0,Low
frame_2303.jpg,0,Low
frame_2304.jpg,0,Low
frame_2305.jpg,0,Low
frame_2306.jpg,0,Low
frame_2307.jpg,0,Low
frame_2308.jpg,0,Low
frame_2309.jpg,0,Low
frame_2310.jpg,0,Low
frame_2311.jpg,0,Low
frame_2312.jpg,0,Low
frame_2313.jpg,0,Low
frame_2314.jpg,0,Low
frame_2315.jpg,0,Low
frame_2316.jpg,0,Low
frame_2317.jpg,0,Low
frame_2318.jpg,0,Low
frame_2319.jpg,0,Low
frame_2320.jpg,0,Low
frame_2321.jpg,0,Low
frame_2322.jpg,0,Low
frame_2323.jpg,0,Low
frame_2324.jpg,0,Low
frame_2325.jpg,0,Low
frame_2326.jpg,0,Low
frame_2327.jpg,0,Low
frame_2328.jpg,0,Low
frame_2329.jpg,0,Low
frame_2330.jpg,0,Low
frame_2331.jpg,0,Low
frame_2332.jpg,0,Low
frame_2333.jpg,0,Low
frame_2334.jpg,0,Low
frame_2335.jpg,0,Low
frame_2336.jpg,0,Low
frame_2337.jpg,0,Low
frame_2338.jpg,0,Low
frame_2339.jpg,0,Low
frame_2340.jpg,0,Low
frame_2341.jpg,0,Low
frame_2342.jpg,0,Low
frame_2343.jpg,0,Low
frame_2344.jpg,0,Low
frame_2345.jpg,0,Low
frame_2346.jpg,0,Low
frame_2347.jpg,0,Low
frame_2348.jpg,0,Low
frame_2349.jpg,0,Low
frame_2350.jpg,0,Low
frame_2351.jpg,0,Low
frame_2352.jpg,0,Low
frame_2353.jpg,0,Low
frame_2354.jpg,0,Low
frame_2355.jpg,0,Low
frame_2356.jpg,0,Low
frame_2357.jpg,0,Low
frame_2358.jpg,0,Low
frame_2359.jpg,0,Low
frame_2360.jpg,0,Low
frame_2361.jpg,0,Low
frame_2362.jpg,0,Low
frame_2363.jpg,0,Low
frame_2364.jpg,0,Low
frame_2365.jpg,0,Low
frame_2366.jpg,0,Low
frame_2367.jpg,0,Low
frame_2368.jpg,0,Low
frame_2369.jpg,0,Low
frame_2370.jpg,0,Low
frame_2371.jpg,0,Low
frame_2372.jpg,0,Low
frame_2373.jpg,0,Low
frame_2374.jpg,0,Low
frame_2375.jpg,0,Low
frame_2376.jpg,0,Low
frame_2377.jpg,0,Low
frame_2378.jpg,0,Low
frame_2379.jpg,0,Low
frame_2380.jpg,0,Low
frame_2381.jpg,0,Low
frame_2382.jpg,0,Low
frame_2383.jpg,0,Low
frame_2384.jpg,0,Low
frame_2385.jpg,0,Low
frame_2386.jpg,0,Low
frame_2387.jpg,0,Low
frame_2388.jpg,0,Low
frame_2389.jpg,0,Low
frame_2390.jpg,0,Low
frame_2391.jpg,0,Low
frame_2392.jpg,0,Low
frame_2393.jpg,0,Low
frame_2394.jpg,0,Low
frame_2395.jpg,0,Low
frame_2396.jpg,0,Low
frame_2397.jpg,0,Low
frame_2398.jpg,0,Low
frame_2399.jpg,0,Low
frame_2400.jpg,0,Low
frame_2401.jpg,0,Low
frame_2402.jpg,0,Low
frame_2403.jpg,0,Low
frame_2404.jpg,0,Low
frame_2405.jpg,0,Low
frame_2406.jpg,0,Low
frame_2407.jpg,0,Low
frame_2408.jpg,0,Low
frame_2409.jpg,0,Low
frame_2410.jpg,0,Low
frame_2411.jpg,0,Low
frame_2412.jpg,0,Low
frame_2413.jpg,0,Low
frame_2414.jpg,0,Low
frame_2415.jpg,0,Low
frame_2416.jpg,0,Low
frame_2417.jpg,0,Low
frame_2418.jpg,0,Low
frame_2419.jpg,0,Low
frame_2420.jpg,0,Low
frame_2421.jpg,0,Low
frame_2422.jpg,0,Low
frame_2423.jpg,0,Low
frame_2424.jpg,0,Low
frame_2425.jpg,0,Low
frame_2426.jpg,0,Low
frame_2427.jpg,0,Low
frame_2428.jpg,0,Low
frame_2429.jpg,0,Low
frame_2430.jpg,0,Low
frame_2431.jpg,0,Low
frame_2432.jpg,0,Low
frame_2433.jpg,0,Low
frame_2434.jpg,0,Low
frame_2435.jpg,0,Low
frame_2436.jpg,1,Low
frame_2437.jpg,1,Low
frame_2438.jpg,0,Low
frame_2439.jpg,0,Low
frame_2440.jpg,0,Low
frame_2441.jpg,0,Low
frame_2442.jpg,0,Low
frame_2443.jpg,0,Low
frame_2444.jpg,0,Low
frame_2445.jpg,0,Low
frame_2446.jpg,0,Low
frame_2447.jpg,0,Low
frame_2448.jpg,0,Low
frame_2449.jpg,0,Low
frame_2450.jpg,0,Low
frame_2451.jpg,0,Low
frame_2452.jpg,0,Low
frame_2453.jpg,0,Low
frame_2454.jpg,0,Low
frame_2455.jpg,0,Low
frame_2456.jpg,0,Low
frame_2457.jpg,0,Low
frame_2458.jpg,1,Low
frame_2459.jpg,0,Low
frame_2460.jpg,0,Low
frame_2461.jpg,0,Low
frame_2462.jpg,0,Low
frame_2463.jpg,0,Low
frame_2464.jpg,0,Low
frame_2465.jpg,1,Low
frame_2466.jpg,0,Low
frame_2467.jpg,1,Low
frame_2468.jpg,0,Low
frame_2469.jpg,0,Low
frame_2470.jpg,0,Low
frame_2471.jpg,0,Low
frame_2472.jpg,0,Low
frame_2473.jpg,0,Low
frame_2474.jpg,0,Low
frame_2475.jpg,0,Low
frame_2476.jpg,0,Low
frame_2477.jpg,0,Low
frame_2478.jpg,0,Low
frame_2479.jpg,0,Low
frame_2480.jpg,0,Low
frame_2481.jpg,0,Low
frame_2482.jpg,0,Low
frame_2483.jpg,0,Low
frame_2484.jpg,0,Low
frame_2485.jpg,0,Low
frame_2486.jpg,0,Low
frame_2487.jpg,0,Low
frame_2488.jpg,0,Low
frame_2489.jpg,0,Low
frame_2490.jpg,0,Low
frame_2491.jpg,0,Low
frame_2492.jpg,0,Low
frame_2493.jpg,0,Low
frame_2494.jpg,0,Low
frame_2495.jpg,0,Low
frame_2496.jpg,0,Low
frame_2497.jpg,0,Low
frame_2498.jpg,0,Low
frame_2499.jpg,0,Low
frame_2500.jpg,0,Low
frame_2501.jpg,0,Low
frame_2502.jpg,0,Low
frame_2503.jpg,0,Low
frame_2504.jpg,0,Low
frame_2505.jpg,0,Low
frame_2506.jpg,0,Low
frame_2507.jpg,0,Low
frame_2508.jpg,0,Low
frame_2509.jpg,0,Low
frame_2510.jpg,0,Low
frame_2511.jpg,0,Low
frame_2512.jpg,0,Low
frame_2513.jpg,0,Low
frame_2514.jpg,0,Low
frame_2515.jpg,0,Low
frame_2516.jpg,0,Low
frame_2517.jpg,0,Low
frame_2518.jpg,0,Low
frame_2519.jpg,0,Low
frame_2520.jpg,0,Low
frame_2521.jpg,0,Low
frame_2522.jpg,0,Low
frame_2523.jpg,0,Low
frame_2524.jpg,0,Low
frame_2525.jpg,0,Low
frame_2526.jpg,0,Low
frame_2527.jpg,0,Low
frame_2528.jpg,0,Low
frame_2529.jpg,0,Low
frame_2530.jpg,0,Low
frame_2531.jpg,0,Low
frame_2532.jpg,0,Low
frame_2533.jpg,0,Low
frame_2534.jpg,0,Low
frame_2535.jpg,0,Low
frame_2536.jpg,0,Low
frame_2537.jpg,0,Low
frame_2538.jpg,0,Low
frame_2539.jpg,0,Low
frame_2540.jpg,0,Low
frame_2541.jpg,0,Low
frame_2542.jpg,0,Low
frame_2543.jpg,0,Low
frame_2544.jpg,0,Low
frame_2545.jpg,1,Low
frame_2546.jpg,2,Low
frame_2547.jpg,1,Low
frame_2548.jpg,1,Low
frame_2549.jpg,1,Low
frame_2550.jpg,0,Low
frame_2551.jpg,0,Low
frame_2552.jpg,0,Low
frame_2553.jpg,3,Low
frame_2554.jpg,1,Low
frame_2555.jpg,0,Low
frame_2556.jpg,1,Low
frame_2557.jpg,0,Low
frame_2558.jpg,1,Low
frame_2559.jpg,0,Low
frame_2560.jpg,0,Low
frame_2561.jpg,0,Low
frame_2562.jpg,0,Low
frame_2563.jpg,0,Low
frame_2564.jpg,0,Low
frame_2565.jpg,0,Low
frame_2566.jpg,2,Low
frame_2567.jpg,1,Low
frame_2568.jpg,0,Low
frame_2569.jpg,0,Low
frame_2570.jpg,0,Low
frame_2571.jpg,0,Low
frame_2572.jpg,0,Low
frame_2573.jpg,0,Low
frame_2574.jpg,0,Low
frame_2575.jpg,0,Low
frame_2576.jpg,0,Low
frame_2577.jpg,0,Low
frame_2578.jpg,0,Low
frame_2579.jpg,0,Low
frame_2580.jpg,0,Low
frame_2581.jpg,0,Low
frame_2582.jpg,0,Low
frame_2583.jpg,0,Low
frame_2584.jpg,0,Low
frame_2585.jpg,0,Low
frame_2586.jpg,0,Low
frame_2587.jpg,0,Low
frame_2588.jpg,0,Low
frame_2589.jpg,1,Low
frame_2590.jpg,1,Low
frame_2591.jpg,1,Low
frame_2592.jpg,0,Low
frame_2593.jpg,0,Low
frame_2594.jpg,1,Low
frame_2595.jpg,1,Low
frame_2596.jpg,1,Low
frame_2597.jpg,0,Low
frame_2598.jpg,1,Low
frame_2599.jpg,1,Low
frame_2600.jpg,1,Low
frame_2601.jpg,1,Low
frame_2602.jpg,0,Low
frame_2603.jpg,1,Low
frame_2604.jpg,0,Low
frame_2605.jpg,0,Low
frame_2606.jpg,0,Low
frame_2607.jpg,2,Low
frame_2608.jpg,1,Low
frame_2609.jpg,1,Low
frame_2610.jpg,2,Low
frame_2611.jpg,2,Low
frame_2612.jpg,2,Low
frame_2613.jpg,1,Low
frame_2614.jpg,0,Low
frame_2615.jpg,0,Low
frame_2616.jpg,0,Low
frame_2617.jpg,1,Low
frame_2618.jpg,1,Low
frame_2619.jpg,0,Low
frame_2620.jpg,1,Low
frame_2621.jpg,0,Low
frame_2622.jpg,1,Low
frame_2623.jpg,1,Low
frame_2624.jpg,0,Low
frame_2625.jpg,0,Low
frame_2626.jpg,0,Low
frame_2627.jpg,0,Low
frame_2628.jpg,0,Low
frame_2629.jpg,0,Low
frame_2630.jpg,1,Low
frame_2631.jpg,1,Low
frame_2632.jpg,0,Low
frame_2633.jpg,0,Low
frame_2634.jpg,0,Low
frame_2635.jpg,1,Low
frame_2636.jpg,0,Low
frame_2637.jpg,0,Low
frame_2638.jpg,0,Low
frame_2639.jpg,0,Low
frame_2640.jpg,1,Low
frame_2641.jpg,1,Low
frame_2642.jpg,1,Low
frame_2643.jpg,1,Low
frame_2644.jpg,1,Low
frame_2645.jpg,1,Low
frame_2646.jpg,1,Low
frame_2647.jpg,0,Low
frame_2648.jpg,1,Low
frame_2649.jpg,1,Low
frame_2650.jpg,0,Low
frame_2651.jpg,0,Low
frame_2652.jpg,1,Low
frame_2653.jpg,1,Low
frame_2654.jpg,1,Low
frame_2655.jpg,1,Low
frame_2656.jpg,1,Low
frame_2657.jpg,1,Low
frame_2658.jpg,1,Low
frame_2659.jpg,0,Low
frame_2660.jpg,0,Low
frame_2661.jpg,0,Low
frame_2662.jpg,1,Low
frame_2663.jpg,1,Low
frame_2664.jpg,1,Low
frame_2665.jpg,1,Low
frame_2666.jpg,1,Low
frame_2667.jpg,1,Low
frame_2668.jpg,0,Low
frame_2669.jpg,0,Low
frame_2670.jpg,0,Low
frame_2671.jpg,0,Low
frame_2672.jpg,1,Low
frame_2673.jpg,1,Low
frame_2674.jpg,0,Low
frame_2675.jpg,1,Low
frame_2676.jpg,1,Low
frame_2677.jpg,0,Low
frame_2678.jpg,1,Low
frame_2679.jpg,0,Low
frame_2680.jpg,0,Low
frame_2681.jpg,0,Low
frame_2682.jpg,0,Low
frame_2683.jpg,0,Low
frame_2684.jpg,1,Low
frame_2685.jpg,1,Low
frame_2686.jpg,0,Low
frame_2687.jpg,1,Low
frame_2688.jpg,1,Low
frame_2689.jpg,1,Low
frame_2690.jpg,1,Low
frame_2691.jpg,0,Low
frame_2692.jpg,0,Low
frame_2693.jpg,1,Low
frame_2694.jpg,0,Low
frame_2695.jpg,0,Low
frame_2696.jpg,0,Low
frame_2697.jpg,0,Low
frame_2698.jpg,0,Low
frame_2699.jpg,0,Low
frame_2700.jpg,1,Low
frame_2701.jpg,1,Low
frame_2702.jpg,1,Low
frame_2703.jpg,1,Low
frame_2704.jpg,1,Low
frame_2705.jpg,1,Low
frame_2706.jpg,1,Low
frame_2707.jpg,2,Low
frame_2708.jpg,2,Low
frame_2709.jpg,1,Low
frame_2710.jpg,1,Low
frame_2711.jpg,1,Low
frame_2712.jpg,1,Low
frame_2713.jpg,1,Low
frame_2714.jpg,1,Low
frame_2715.jpg,1,Low
frame_2716.jpg,2,Low
frame_2717.jpg,1,Low
frame_2718.jpg,0,Low
frame_2719.jpg,1,Low
frame_2720.jpg,1,Low
frame_2721.jpg,0,Low
frame_2722.jpg,1,Low
frame_2723.jpg,0,Low
frame_2724.jpg,1,Low
frame_2725.jpg,1,Low
frame_2726.jpg,1,Low
frame_2727.jpg,1,Low
frame_2728.jpg,0,Low
frame_2729.jpg,0,Low
frame_2730.jpg,0,Low
frame_2731.jpg,0,Low
frame_2732.jpg,0,Low
frame_2733.jpg,0,Low
frame_2734.jpg,0,Low
frame_2735.jpg,0,Low
frame_2736.jpg,0,Low
frame_2737.jpg,0,Low
frame_2738.jpg,0,Low
frame_2739.jpg,0,Low
frame_2740.jpg,0,Low
frame_2741.jpg,0,Low
frame_2742.jpg,0,Low
frame_2743.jpg,0,Low
frame_2744.jpg,0,Low
frame_2745.jpg,0,Low
frame_2746.jpg,0,Low
frame_2747.jpg,0,Low
frame_2748.jpg,0,Low
frame_2749.jpg,0,Low
frame_2750.jpg,0,Low
frame_2751.jpg,1,Low
frame_2752.jpg,3,Low
frame_2753.jpg,0,Low
frame_2754.jpg,1,Low
frame_2755.jpg,1,Low
frame_2756.jpg,1,Low
frame_2757.jpg,1,Low
frame_2758.jpg,0,Low
frame_2759.jpg,0,Low
frame_2760.jpg,0,Low
frame_2761.jpg,1,Low
frame_2762.jpg,1,Low
frame_2763.jpg,0,Low
frame_2764.jpg,1,Low
frame_2765.jpg,0,Low
frame_2766.jpg,0,Low
frame_2767.jpg,0,Low
frame_2768.jpg,1,Low
frame_2769.jpg,2,Low
frame_2770.jpg,1,Low
frame_2771.jpg,0,Low
frame_2772.jpg,0,Low
frame_2773.jpg,0,Low
frame_2774.jpg,0,Low
frame_2775.jpg,2,Low
frame_2776.jpg,1,Low
frame_2777.jpg,1,Low
frame_2778.jpg,1,Low
frame_2779.jpg,0,Low
frame_2780.jpg,0,Low
frame_2781.jpg,2,Low
frame_2782.jpg,2,Low
frame_2783.jpg,2,Low
frame_2784.jpg,2,Low
frame_2785.jpg,1,Low
frame_2786.jpg,0,Low
frame_2787.jpg,0,Low
frame_2788.jpg,0,Low
frame_2789.jpg,0,Low
frame_2790.jpg,0,Low
frame_2791.jpg,0,Low
frame_2792.jpg,0,Low
frame_2793.jpg,0,Low
frame_2794.jpg,0,Low
frame_2795.jpg,0,Low
frame_2796.jpg,0,Low
frame_2797.jpg,0,Low
frame_2798.jpg,0,Low
frame_2799.jpg,0,Low
frame_2800.jpg,0,Low
frame_2801.jpg,0,Low
frame_2802.jpg,0,Low
frame_2803.jpg,0,Low
frame_2804.jpg,0,Low
frame_2805.jpg,0,Low
frame_2806.jpg,1,Low
frame_2807.jpg,1,Low
frame_2808.jpg,0,Low
frame_2809.jpg,0,Low
frame_2810.jpg,0,Low
frame_2811.jpg,0,Low
frame_2812.jpg,1,Low
frame_2813.jpg,0,Low
frame_2814.jpg,0,Low
frame_2815.jpg,0,Low
frame_2816.jpg,0,Low
frame_2817.jpg,0,Low
frame_2818.jpg,0,Low
frame_2819.jpg,0,Low
frame_2820.jpg,0,Low
frame_2821.jpg,0,Low
frame_2822.jpg,0,Low
frame_2823.jpg,0,Low
frame_2824.jpg,0,Low
frame_2825.jpg,0,Low
frame_2826.jpg,0,Low
frame_2827.jpg,0,Low
frame_2828.jpg,0,Low
frame_2829.jpg,0,Low
frame_2830.jpg,0,Low
frame_2831.jpg,0,Low
frame_2832.jpg,0,Low
frame_2833.jpg,0,Low
frame_2834.jpg,0,Low
frame_2835.jpg,0,Low
frame_2836.jpg,0,Low
frame_2837.jpg,0,Low
frame_2838.jpg,0,Low
frame_2839.jpg,1,Low
frame_2840.jpg,0,Low
frame_2841.jpg,0,Low
frame_2842.jpg,0,Low
frame_2843.jpg,0,Low
frame_2844.jpg,0,Low
frame_2845.jpg,1,Low
frame_2846.jpg,0,Low
frame_2847.jpg,0,Low
frame_2848.jpg,1,Low
frame_2849.jpg,0,Low
frame_2850.jpg,0,Low
frame_2851.jpg,0,Low
frame_2852.jpg,0,Low
frame_2853.jpg,1,Low
frame_2854.jpg,0,Low
frame_2855.jpg,0,Low
frame_2856.jpg,0,Low
frame_2857.jpg,0,Low
frame_2858.jpg,0,Low
frame_2859.jpg,0,Low
frame_2860.jpg,1,Low
frame_2861.jpg,1,Low
frame_2862.jpg,1,Low
frame_2863.jpg,1,Low
frame_2864.jpg,1,Low
frame_2865.jpg,0,Low
frame_2866.jpg,0,Low
frame_2867.jpg,0,Low
frame_2868.jpg,0,Low
frame_2869.jpg,0,Low
frame_2870.jpg,1,Low
frame_2871.jpg,1,Low
frame_2872.jpg,1,Low
frame_2873.jpg,1,Low
frame_2874.jpg,1,Low
frame_2875.jpg,1,Low
frame_2876.jpg,0,Low
frame_2877.jpg,0,Low
frame_2878.jpg,0,Low
frame_2879.jpg,0,Low
frame_2880.jpg,0,Low
frame_2881.jpg,0,Low
frame_2882.jpg,0,Low
frame_2883.jpg,0,Low
frame_2884.jpg,0,Low
frame_2885.jpg,0,Low
frame_2886.jpg,0,Low
frame_2887.jpg,0,Low
frame_2888.jpg,2,Low
frame_2889.jpg,2,Low
frame_2890.jpg,2,Low
frame_2891.jpg,2,Low
frame_2892.jpg,0,Low
frame_2893.jpg,1,Low
frame_2894.jpg,1,Low
frame_2895.jpg,1,Low
frame_2896.jpg,2,Low
frame_2897.jpg,2,Low
frame_2898.jpg,1,Low
frame_2899.jpg,2,Low
frame_2900.jpg,1,Low
frame_2901.jpg,0,Low
frame_2902.jpg,0,Low
frame_2903.jpg,1,Low
frame_2904.jpg,1,Low
frame_2905.jpg,2,Low
frame_2906.jpg,1,Low
frame_2907.jpg,1,Low
frame_2908.jpg,1,Low
frame_2909.jpg,1,Low
frame_2910.jpg,2,Low
frame_2911.jpg,2,Low
frame_2912.jpg,2,Low
frame_2913.jpg,2,Low
frame_2914.jpg,2,Low
frame_2915.jpg,2,Low
frame_2916.jpg,2,Low
frame_2917.jpg,2,Low
frame_2918.jpg,2,Low
frame_2919.jpg,2,Low
frame_2920.jpg,2,Low
frame_2921.jpg,2,Low
frame_2922.jpg,2,Low
frame_2923.jpg,2,Low
frame_2924.jpg,2,Low
frame_2925.jpg,2,Low
frame_2926.jpg,2,Low
frame_2927.jpg,2,Low
frame_2928.jpg,2,Low
frame_2929.jpg,2,Low
frame_2930.jpg,2,Low
frame_2931.jpg,2,Low
frame_2932.jpg,2,Low
frame_2933.jpg,2,Low
frame_2934.jpg,2,Low
frame_2935.jpg,2,Low
frame_2936.jpg,2,Low
frame_2937.jpg,2,Low
frame_2938.jpg,2,Low
frame_2939.jpg,2,Low
frame_2940.jpg,2,Low
frame_2941.jpg,2,Low
frame_2942.jpg,2,Low
frame_2943.jpg,2,Low
frame_2944.jpg,3,Low
frame_2945.jpg,3,Low
frame_2946.jpg,1,Low
frame_2947.jpg,2,Low
frame_2948.jpg,2,Low
frame_2949.jpg,3,Low
frame_2950.jpg,2,Low
frame_2951.jpg,2,Low
frame_2952.jpg,1,Low
frame_2953.jpg,1,Low
frame_2954.jpg,0,Low
frame_2955.jpg,2,Low
frame_2956.jpg,1,Low
frame_2957.jpg,1,Low
frame_2958.jpg,0,Low
frame_2959.jpg,0,Low
frame_2960.jpg,0,Low
frame_2961.jpg,0,Low
frame_2962.jpg,0,Low
frame_2963.jpg,0,Low
frame_2964.jpg,0,Low
frame_2965.jpg,1,Low
frame_2966.jpg,0,Low
frame_2967.jpg,0,Low
frame_2968.jpg,0,Low
frame_2969.jpg,0,Low
frame_2970.jpg,1,Low
frame_2971.jpg,1,Low
frame_2972.jpg,1,Low
frame_2973.jpg,1,Low
frame_2974.jpg,0,Low
frame_2975.jpg,1,Low
frame_2976.jpg,0,Low
frame_2977.jpg,0,Low
frame_2978.jpg,0,Low
frame_2979.jpg,0,Low
frame_2980.jpg,0,Low
frame_2981.jpg,1,Low
frame_2982.jpg,0,Low
frame_2983.jpg,0,Low
frame_2984.jpg,0,Low
frame_2985.jpg,0,Low
frame_2986.jpg,0,Low
frame_2987.jpg,0,Low
frame_2988.jpg,0,Low
frame_2989.jpg,0,Low
frame_2990.jpg,0,Low
frame_2991.jpg,0,Low
frame_2992.jpg,0,Low
frame_2993.jpg,0,Low
frame_2994.jpg,0,Low
frame_2995.jpg,0,Low
frame_2996.jpg,0,Low
frame_2997.jpg,0,Low
frame_2998.jpg,0,Low
frame_2999.jpg,0,Low
frame_3000.jpg,1,Low
frame_3001.jpg,1,Low
frame_3002.jpg,1,Low
frame_3003.jpg,0,Low
frame_3004.jpg,1,Low
frame_3005.jpg,1,Low
frame_3006.jpg,1,Low
frame_3007.jpg,1,Low
frame_3008.jpg,1,Low
frame_3009.jpg,0,Low
frame_3010.jpg,0,Low
frame_3011.jpg,0,Low
frame_3012.jpg,0,Low
frame_3013.jpg,0,Low
frame_3014.jpg,1,Low
frame_3015.jpg,0,Low
frame_3016.jpg,0,Low
frame_3017.jpg,2,Low
frame_3018.jpg,0,Low
frame_3019.jpg,1,Low
frame_3020.jpg,1,Low
frame_3021.jpg,0,Low
frame_3022.jpg,1,Low
frame_3023.jpg,1,Low
frame_3024.jpg,1,Low
frame_3025.jpg,1,Low
frame_3026.jpg,2,Low
frame_3027.jpg,1,Low
frame_3028.jpg,0,Low
frame_3029.jpg,0,Low
frame_3030.jpg,0,Low
frame_3031.jpg,0,Low
frame_3032.jpg,0,Low
frame_3033.jpg,0,Low
frame_3034.jpg,0,Low
frame_3035.jpg,0,Low
frame_3036.jpg,0,Low
frame_3037.jpg,0,Low
frame_3038.jpg,0,Low
frame_3039.jpg,0,Low
frame_3040.jpg,0,Low
frame_3041.jpg,0,Low
frame_3042.jpg,0,Low
frame_3043.jpg,0,Low
frame_3044.jpg,0,Low
frame_3045.jpg,0,Low
frame_3046.jpg,0,Low
frame_3047.jpg,0,Low
frame_3048.jpg,0,Low
frame_3049.jpg,0,Low
frame_3050.jpg,0,Low
frame_3051.jpg,0,Low
frame_3052.jpg,0,Low
frame_3053.jpg,0,Low
frame_3054.jpg,0,Low
frame_3055.jpg,0,Low
frame_3056.jpg,1,Low
frame_3057.jpg,0,Low
frame_3058.jpg,0,Low
frame_3059.jpg,0,Low
frame_3060.jpg,0,Low
frame_3061.jpg,0,Low
frame_3062.jpg,0,Low
frame_3063.jpg,1,Low
frame_3064.jpg,0,Low
frame_3065.jpg,0,Low
frame_3066.jpg,1,Low
frame_3067.jpg,0,Low
frame_3068.jpg,0,Low
frame_3069.jpg,0,Low
frame_3070.jpg,0,Low
frame_3071.jpg,1,Low
frame_3072.jpg,0,Low
frame_3073.jpg,0,Low
frame_3074.jpg,0,Low
frame_3075.jpg,0,Low
frame_3076.jpg,0,Low
frame_3077.jpg,0,Low
frame_3078.jpg,2,Low
frame_3079.jpg,1,Low
frame_3080.jpg,2,Low
frame_3081.jpg,2,Low
frame_3082.jpg,1,Low
frame_3083.jpg,1,Low
frame_3084.jpg,1,Low
frame_3085.jpg,1,Low
frame_3086.jpg,2,Low
frame_3087.jpg,2,Low
frame_3088.jpg,1,Low
frame_3089.jpg,1,Low
frame_3090.jpg,1,Low
frame_3091.jpg,1,Low
frame_3092.jpg,1,Low
frame_3093.jpg,1,Low
frame_3094.jpg,1,Low
frame_3095.jpg,1,Low
frame_3096.jpg,1,Low
frame_3097.jpg,1,Low
frame_3098.jpg,0,Low
frame_3099.jpg,1,Low
frame_3100.jpg,1,Low
frame_3101.jpg,1,Low
frame_3102.jpg,0,Low
frame_3103.jpg,0,Low
frame_3104.jpg,0,Low
frame_3105.jpg,1,Low
frame_3106.jpg,1,Low
frame_3107.jpg,0,Low
frame_3108.jpg,1,Low
frame_3109.jpg,1,Low
frame_3110.jpg,3,Low
frame_3111.jpg,2,Low
frame_3112.jpg,4,Low
frame_3113.jpg,1,Low
frame_3114.jpg,1,Low
frame_3115.jpg,2,Low
frame_3116.jpg,2,Low
frame_3117.jpg,2,Low
frame_3118.jpg,2,Low
frame_3119.jpg,2,Low
frame_3120.jpg,2,Low
frame_3121.jpg,2,Low
frame_3122.jpg,2,Low
frame_3123.jpg,2,Low
frame_3124.jpg,3,Low
frame_3125.jpg,2,Low
frame_3126.jpg,2,Low
frame_3127.jpg,3,Low
frame_3128.jpg,3,Low
frame_3129.jpg,2,Low
frame_3130.jpg,3,Low
frame_3131.jpg,2,Low
frame_3132.jpg,1,Low
frame_3133.jpg,2,Low
frame_3134.jpg,2,Low
frame_3135.jpg,2,Low
